카테고리,메뉴명,검색어,이미지URL
메인,BELT샌드위치,BLT sandwich bacon lettuce tomato,https://images.pexels.com/photos/23106708/pexels-photo-23106708.jpeg?auto=compress&cs=tinysrgb&h=650&w=940
메인,불고기샌드위치,korean sandwich food,https://images.pexels.com/photos/6416558/pexels-photo-6416558.jpeg?auto=compress&cs=tinysrgb&h=650&w=940
메인,가쓰오데리야끼두부강정,korean teriyaki tofu korean sweet crispy glazed food,https://images.pexels.com/photos/5127322/pexels-photo-5127322.jpeg?auto=compress&cs=tinysrgb&h=650&w=940
메인,가쓰오두부강정,korean tofu korean sweet crispy glazed food,https://images.pexels.com/photos/18283713/pexels-photo-18283713.jpeg?auto=compress&cs=tinysrgb&h=650&w=940
메인,가자미식혜,korean flatfish food,https://images.pexels.com/photos/15955380/pexels-photo-15955380.jpeg?auto=compress&cs=tinysrgb&h=650&w=940
메인,"가자미전(25cm이상,3마리)",korean flatfish korean savory pancake jeon food,https://images.pexels.com/photos/15955380/pexels-photo-15955380.jpeg?auto=compress&cs=tinysrgb&h=650&w=940
메인,가지강정,korean eggplant korean sweet crispy glazed food,https://images.pexels.com/photos/18283713/pexels-photo-18283713.jpeg?auto=compress&cs=tinysrgb&h=650&w=940
메인,가지깐풍기,korean eggplant food,https://images.pexels.com/photos/772513/pexels-photo-772513.png?auto=compress&cs=tinysrgb&h=650&w=940
메인,가지탕수,korean eggplant sweet and sour korean soup food,https://images.pexels.com/photos/13085835/pexels-photo-13085835.jpeg?auto=compress&cs=tinysrgb&h=650&w=940
메인,가츠동(밥o.2인분),korean food dish,https://images.pexels.com/photos/2781540/pexels-photo-2781540.jpeg?auto=compress&cs=tinysrgb&h=650&w=940
메인,감바스,korean food dish,https://images.pexels.com/photos/2781540/pexels-photo-2781540.jpeg?auto=compress&cs=tinysrgb&h=650&w=940
메인,감바스(바게트o),korean food dish,https://images.pexels.com/photos/2781540/pexels-photo-2781540.jpeg?auto=compress&cs=tinysrgb&h=650&w=940
메인,감자달걀샐러드,korean salad egg potato food,https://images.pexels.com/photos/10839568/pexels-photo-10839568.jpeg?auto=compress&cs=tinysrgb&h=650&w=940
메인,감자들깨탕,korean potato perilla seed korean soup food,https://images.pexels.com/photos/13085835/pexels-photo-13085835.jpeg?auto=compress&cs=tinysrgb&h=650&w=940
메인,감자샐러드,korean salad potato food,https://images.pexels.com/photos/10497774/pexels-photo-10497774.jpeg?auto=compress&cs=tinysrgb&h=650&w=940
메인,감자수제옹심이,korean potato food,https://images.pexels.com/photos/6485538/pexels-photo-6485538.jpeg?auto=compress&cs=tinysrgb&h=650&w=940
메인,감자전,korean potato korean savory pancake jeon food,https://images.pexels.com/photos/15955380/pexels-photo-15955380.jpeg?auto=compress&cs=tinysrgb&h=650&w=940
메인,감자찌개,korean potato korean stew food,https://images.pexels.com/photos/15955380/pexels-photo-15955380.jpeg?auto=compress&cs=tinysrgb&h=650&w=940
메인,감자차돌찌개,korean potato korean stew food,https://images.pexels.com/photos/15955380/pexels-photo-15955380.jpeg?auto=compress&cs=tinysrgb&h=650&w=940
메인,감자채전,korean potato korean savory pancake jeon food,https://images.pexels.com/photos/15955380/pexels-photo-15955380.jpeg?auto=compress&cs=tinysrgb&h=650&w=940
메인,감자치즈그라탕,korean potato cheese korean soup food,https://images.pexels.com/photos/18283713/pexels-photo-18283713.jpeg?auto=compress&cs=tinysrgb&h=650&w=940
메인,"강된장+모듬쌈(3종,갈치속젓)",korean thick soybean paste stew fermented soybean paste food,https://images.pexels.com/photos/2781540/pexels-photo-2781540.jpeg?auto=compress&cs=tinysrgb&h=650&w=940
메인,"강된장+모듬쌈(3종,수제쌈장)",korean thick soybean paste stew fermented soybean paste food,https://images.pexels.com/photos/2781540/pexels-photo-2781540.jpeg?auto=compress&cs=tinysrgb&h=650&w=940
메인,강된장쌈세트,korean thick soybean paste stew fermented soybean paste food,https://images.pexels.com/photos/2781540/pexels-photo-2781540.jpeg?auto=compress&cs=tinysrgb&h=650&w=940
메인,"강된장쌈세트(호박잎,깻잎,양배추)",korean thick soybean paste stew fermented soybean paste food,https://images.pexels.com/photos/2781540/pexels-photo-2781540.jpeg?auto=compress&cs=tinysrgb&h=650&w=940
메인,게살스프,korean soup crab food,https://images.pexels.com/photos/13085835/pexels-photo-13085835.jpeg?auto=compress&cs=tinysrgb&h=650&w=940
메인,계란말이,korean egg food,https://images.pexels.com/photos/2781540/pexels-photo-2781540.jpeg?auto=compress&cs=tinysrgb&h=650&w=940
메인,계란찜,korean egg korean braised steamed dish food,https://images.pexels.com/photos/2781540/pexels-photo-2781540.jpeg?auto=compress&cs=tinysrgb&h=650&w=940
메인,고구마단호박샐러드,korean sweet pumpkin sweet potato salad food,https://images.pexels.com/photos/10497775/pexels-photo-10497775.jpeg?auto=compress&cs=tinysrgb&h=650&w=940
메인,고구마맛탕,korean sweet potato korean soup food,https://images.pexels.com/photos/13085835/pexels-photo-13085835.jpeg?auto=compress&cs=tinysrgb&h=650&w=940
메인,고구마줄기된장지짐,korean sweet potato fermented soybean paste food,https://images.pexels.com/photos/2781540/pexels-photo-2781540.jpeg?auto=compress&cs=tinysrgb&h=650&w=940
메인,고구마줄기지짐,korean sweet potato food,https://images.pexels.com/photos/9219092/pexels-photo-9219092.jpeg?auto=compress&cs=tinysrgb&h=650&w=940
메인,고구마튀김,korean sweet potato korean fried food food,https://images.pexels.com/photos/18283713/pexels-photo-18283713.jpeg?auto=compress&cs=tinysrgb&h=650&w=940
메인,고기짜조3pcs,korean food dish,https://images.pexels.com/photos/2781540/pexels-photo-2781540.jpeg?auto=compress&cs=tinysrgb&h=650&w=940
메인,고등어추어탕,korean mackerel grilled korean soup food,https://images.pexels.com/photos/15955380/pexels-photo-15955380.jpeg?auto=compress&cs=tinysrgb&h=650&w=940
메인,고사리들깨찜,korean fernbrake perilla seed korean braised steamed dish food,https://images.pexels.com/photos/28246107/pexels-photo-28246107.jpeg?auto=compress&cs=tinysrgb&h=650&w=940
메인,고추장떡,korean korean chili paste rice cake food,https://images.pexels.com/photos/18283713/pexels-photo-18283713.jpeg?auto=compress&cs=tinysrgb&h=650&w=940
메인,고추장멸치,korean korean chili paste food,https://images.pexels.com/photos/15955380/pexels-photo-15955380.jpeg?auto=compress&cs=tinysrgb&h=650&w=940
메인,고추장오리주물럭(반조리.완조리),korean korean chili paste duck food,https://images.pexels.com/photos/15955380/pexels-photo-15955380.jpeg?auto=compress&cs=tinysrgb&h=650&w=940
메인,고추장오리주물럭(완조리.반조리),korean korean chili paste duck food,https://images.pexels.com/photos/15955380/pexels-photo-15955380.jpeg?auto=compress&cs=tinysrgb&h=650&w=940
메인,고추장오리주물럭(조리.반조리),korean korean chili paste duck food,https://images.pexels.com/photos/15955380/pexels-photo-15955380.jpeg?auto=compress&cs=tinysrgb&h=650&w=940
메인,고추장진미,korean korean chili paste food,https://images.pexels.com/photos/15955380/pexels-photo-15955380.jpeg?auto=compress&cs=tinysrgb&h=650&w=940
메인,"곤드레밥키트(2인,양념장,밥×)",korean gondre rice food,https://images.pexels.com/photos/18283713/pexels-photo-18283713.jpeg?auto=compress&cs=tinysrgb&h=650&w=940
메인,"곤드레솥밥(2인,양념장)",korean gondre rice korean pot rice food,https://images.pexels.com/photos/24334865/pexels-photo-24334865.jpeg?auto=compress&cs=tinysrgb&h=650&w=940
메인,"곤드레솥밥_2인,달래장",korean gondre rice korean pot rice food,https://images.pexels.com/photos/24334865/pexels-photo-24334865.jpeg?auto=compress&cs=tinysrgb&h=650&w=940
메인,"곤드레솥밥_2인,양념장",korean gondre rice korean pot rice food,https://images.pexels.com/photos/24334865/pexels-photo-24334865.jpeg?auto=compress&cs=tinysrgb&h=650&w=940
메인,곱창김+달래장,korean food dish,https://images.pexels.com/photos/2781540/pexels-photo-2781540.jpeg?auto=compress&cs=tinysrgb&h=650&w=940
메인,과일샐러드,korean salad food,https://images.pexels.com/photos/12755998/pexels-photo-12755998.jpeg?auto=compress&cs=tinysrgb&h=650&w=940
메인,과카몰리바게트,korean crab food,https://images.pexels.com/photos/33939170/pexels-photo-33939170.jpeg?auto=compress&cs=tinysrgb&h=650&w=940
메인,광어매운탕,korean korean soup food,https://images.pexels.com/photos/13085835/pexels-photo-13085835.jpeg?auto=compress&cs=tinysrgb&h=650&w=940
메인,구운야채샐러드,korean salad food,https://images.pexels.com/photos/12755998/pexels-photo-12755998.jpeg?auto=compress&cs=tinysrgb&h=650&w=940
메인,국내산고추장찜닭,korean korean chili paste chicken korean soup food,https://images.pexels.com/photos/13085835/pexels-photo-13085835.jpeg?auto=compress&cs=tinysrgb&h=650&w=940
메인,국내산닭강정,korean korean fried chicken korean sweet crispy glazed chicken food,https://images.pexels.com/photos/18283713/pexels-photo-18283713.jpeg?auto=compress&cs=tinysrgb&h=650&w=940
메인,국내산닭강정(닭다리살),korean korean fried chicken korean sweet crispy glazed chicken food,https://images.pexels.com/photos/18283713/pexels-photo-18283713.jpeg?auto=compress&cs=tinysrgb&h=650&w=940
메인,국내산닭개장,korean spicy chicken soup chicken korean soup food,https://images.pexels.com/photos/13085835/pexels-photo-13085835.jpeg?auto=compress&cs=tinysrgb&h=650&w=940
메인,국내산닭도리탕,korean chicken korean soup food,https://images.pexels.com/photos/13085835/pexels-photo-13085835.jpeg?auto=compress&cs=tinysrgb&h=650&w=940
메인,국내산닭볶음탕,korean spicy chicken stew korean stir fry chicken food,https://images.pexels.com/photos/9715157/pexels-photo-9715157.jpeg?auto=compress&cs=tinysrgb&h=650&w=940
메인,국내산닭불고기,korean chicken korean soup food,https://images.pexels.com/photos/13085835/pexels-photo-13085835.jpeg?auto=compress&cs=tinysrgb&h=650&w=940
메인,국내산닭전,korean chicken korean soup korean savory pancake jeon food,https://images.pexels.com/photos/15955380/pexels-photo-15955380.jpeg?auto=compress&cs=tinysrgb&h=650&w=940
메인,국내산버터치킨커리,korean curry butter korean soup food,https://images.pexels.com/photos/18283713/pexels-photo-18283713.jpeg?auto=compress&cs=tinysrgb&h=650&w=940
메인,국내산생오리불고기,korean duck korean soup food,https://images.pexels.com/photos/15955380/pexels-photo-15955380.jpeg?auto=compress&cs=tinysrgb&h=650&w=940
메인,국내산수제닭강정,korean korean fried chicken korean sweet crispy glazed chicken food,https://images.pexels.com/photos/18283713/pexels-photo-18283713.jpeg?auto=compress&cs=tinysrgb&h=650&w=940
메인,국내산수제안심카츠,korean tenderloin korean soup food,https://images.pexels.com/photos/13085835/pexels-photo-13085835.jpeg?auto=compress&cs=tinysrgb&h=650&w=940
메인,국내산수제치킨카츠,korean korean soup food,https://images.pexels.com/photos/13085835/pexels-photo-13085835.jpeg?auto=compress&cs=tinysrgb&h=650&w=940
메인,국내산안동찜닭,korean chicken korean soup korean braised steamed dish food,https://images.pexels.com/photos/13085835/pexels-photo-13085835.jpeg?auto=compress&cs=tinysrgb&h=650&w=940
메인,국내산안동찜닭(국내산),korean chicken korean soup korean braised steamed dish food,https://images.pexels.com/photos/13085835/pexels-photo-13085835.jpeg?auto=compress&cs=tinysrgb&h=650&w=940
메인,국내산안동찜닭_국내산,korean chicken korean soup korean braised steamed dish food,https://images.pexels.com/photos/13085835/pexels-photo-13085835.jpeg?auto=compress&cs=tinysrgb&h=650&w=940
메인,국내산오리불고기,korean duck korean soup food,https://images.pexels.com/photos/15955380/pexels-photo-15955380.jpeg?auto=compress&cs=tinysrgb&h=650&w=940
메인,국내산유린기,korean korean soup food,https://images.pexels.com/photos/13085835/pexels-photo-13085835.jpeg?auto=compress&cs=tinysrgb&h=650&w=940
메인,국내산춘천닭갈비,korean short rib chicken korean soup food,https://images.pexels.com/photos/13085835/pexels-photo-13085835.jpeg?auto=compress&cs=tinysrgb&h=650&w=940
메인,국내산치킨카츠,korean korean soup food,https://images.pexels.com/photos/13085835/pexels-photo-13085835.jpeg?auto=compress&cs=tinysrgb&h=650&w=940
메인,국산닭강정(닭다리살),korean korean fried chicken korean sweet crispy glazed chicken food,https://images.pexels.com/photos/18283713/pexels-photo-18283713.jpeg?auto=compress&cs=tinysrgb&h=650&w=940
메인,국산닭볶음탕,korean spicy chicken stew korean stir fry chicken food,https://images.pexels.com/photos/9715157/pexels-photo-9715157.jpeg?auto=compress&cs=tinysrgb&h=650&w=940
메인,국산더덕구이,korean deodeok root korean grilled dish korean soup food,https://images.pexels.com/photos/18283713/pexels-photo-18283713.jpeg?auto=compress&cs=tinysrgb&h=650&w=940
메인,국산생콩비지찌개,korean korean stew korean soup food,https://images.pexels.com/photos/13085835/pexels-photo-13085835.jpeg?auto=compress&cs=tinysrgb&h=650&w=940
메인,국산서리태콩물,korean korean soup food,https://images.pexels.com/photos/13085835/pexels-photo-13085835.jpeg?auto=compress&cs=tinysrgb&h=650&w=940
메인,국산수제당근라페,korean carrot korean soup food,https://images.pexels.com/photos/13085835/pexels-photo-13085835.jpeg?auto=compress&cs=tinysrgb&h=650&w=940
메인,국산오리고추장주물럭(조리.반조리),korean korean chili paste duck korean soup food,https://images.pexels.com/photos/13085835/pexels-photo-13085835.jpeg?auto=compress&cs=tinysrgb&h=650&w=940
메인,국산우엉잡채,korean burdock root japchae glass noodles korean soup food,https://images.pexels.com/photos/13085835/pexels-photo-13085835.jpeg?auto=compress&cs=tinysrgb&h=650&w=940
메인,굴국밥,korean oyster korean soup food,https://images.pexels.com/photos/13085835/pexels-photo-13085835.jpeg?auto=compress&cs=tinysrgb&h=650&w=940
메인,굴두부찌개,korean tofu korean stew oyster food,https://images.pexels.com/photos/2781540/pexels-photo-2781540.jpeg?auto=compress&cs=tinysrgb&h=650&w=940
메인,굴무밥,korean oyster korean radish food,https://images.pexels.com/photos/2781540/pexels-photo-2781540.jpeg?auto=compress&cs=tinysrgb&h=650&w=940
메인,굴무솥밥_양념장,korean korean pot rice oyster korean radish food,https://images.pexels.com/photos/2781540/pexels-photo-2781540.jpeg?auto=compress&cs=tinysrgb&h=650&w=940
메인,굴전&새우전,korean shrimp oyster korean savory pancake jeon food,https://images.pexels.com/photos/15955380/pexels-photo-15955380.jpeg?auto=compress&cs=tinysrgb&h=650&w=940
메인,굴전&한우육전,korean korean beef beef pancake oyster food,https://images.pexels.com/photos/15955380/pexels-photo-15955380.jpeg?auto=compress&cs=tinysrgb&h=650&w=940
메인,"김밥키트(8종,5줄,김)",korean kimbap rice roll food,https://images.pexels.com/photos/7243416/pexels-photo-7243416.jpeg?auto=compress&cs=tinysrgb&h=650&w=940
메인,깐풍기,korean food dish,https://images.pexels.com/photos/2781540/pexels-photo-2781540.jpeg?auto=compress&cs=tinysrgb&h=650&w=940
메인,꼬마돈가스,korean food dish,https://images.pexels.com/photos/2781540/pexels-photo-2781540.jpeg?auto=compress&cs=tinysrgb&h=650&w=940
메인,꽁치다대기탕,korean korean soup food,https://images.pexels.com/photos/13085835/pexels-photo-13085835.jpeg?auto=compress&cs=tinysrgb&h=650&w=940
메인,꽃게된장국,korean crab fermented soybean paste food,https://images.pexels.com/photos/2781540/pexels-photo-2781540.jpeg?auto=compress&cs=tinysrgb&h=650&w=940
메인,꽃게된장찌개,korean crab fermented soybean paste korean stew food,https://images.pexels.com/photos/2781540/pexels-photo-2781540.jpeg?auto=compress&cs=tinysrgb&h=650&w=940
메인,나가사끼짬뽕,korean spicy seafood noodle soup food,https://images.pexels.com/photos/13085835/pexels-photo-13085835.jpeg?auto=compress&cs=tinysrgb&h=650&w=940
메인,나가사키짬뽕,korean spicy seafood noodle soup food,https://images.pexels.com/photos/13085835/pexels-photo-13085835.jpeg?auto=compress&cs=tinysrgb&h=650&w=940
메인,나홀로알곤이찜,korean korean braised steamed dish food,https://images.pexels.com/photos/2781540/pexels-photo-2781540.jpeg?auto=compress&cs=tinysrgb&h=650&w=940
메인,낙지볶음,korean octopus korean stir fry food,https://images.pexels.com/photos/105588/pexels-photo-105588.jpeg?auto=compress&cs=tinysrgb&h=650&w=940
메인,낙지볶음+콩나물,korean bean sprouts octopus korean stir fry food,https://images.pexels.com/photos/2781540/pexels-photo-2781540.jpeg?auto=compress&cs=tinysrgb&h=650&w=940
메인,낙지볶음콩나물세트,korean bean sprouts octopus korean stir fry food,https://images.pexels.com/photos/2781540/pexels-photo-2781540.jpeg?auto=compress&cs=tinysrgb&h=650&w=940
메인,낙지연포탕,korean octopus korean soup food,https://images.pexels.com/photos/13085835/pexels-photo-13085835.jpeg?auto=compress&cs=tinysrgb&h=650&w=940
메인,납작비빔만두,korean korean dumpling food,https://images.pexels.com/photos/15955380/pexels-photo-15955380.jpeg?auto=compress&cs=tinysrgb&h=650&w=940
메인,냉이고추장찌개,korean korean chili paste shepherd's purse korean stew food,https://images.pexels.com/photos/15955380/pexels-photo-15955380.jpeg?auto=compress&cs=tinysrgb&h=650&w=940
메인,냉이된장찌개,korean shepherd's purse fermented soybean paste korean stew food,https://images.pexels.com/photos/2781540/pexels-photo-2781540.jpeg?auto=compress&cs=tinysrgb&h=650&w=940
메인,노란콩잎,korean food dish,https://images.pexels.com/photos/2781540/pexels-photo-2781540.jpeg?auto=compress&cs=tinysrgb&h=650&w=940
메인,노란호박죽,korean squash korean rice porridge food,https://images.pexels.com/photos/15820609/pexels-photo-15820609.jpeg?auto=compress&cs=tinysrgb&h=650&w=940
메인,녹두닭죽,korean chicken korean rice porridge food,https://images.pexels.com/photos/18283713/pexels-photo-18283713.jpeg?auto=compress&cs=tinysrgb&h=650&w=940
메인,녹두전,korean korean savory pancake jeon food,https://images.pexels.com/photos/15955380/pexels-photo-15955380.jpeg?auto=compress&cs=tinysrgb&h=650&w=940
메인,느타리탕수,korean sweet and sour korean soup food,https://images.pexels.com/photos/13085835/pexels-photo-13085835.jpeg?auto=compress&cs=tinysrgb&h=650&w=940
메인,늙은호박전(반조리),korean squash korean savory pancake jeon food,https://images.pexels.com/photos/15955380/pexels-photo-15955380.jpeg?auto=compress&cs=tinysrgb&h=650&w=940
메인,늙은호박죽,korean squash korean rice porridge food,https://images.pexels.com/photos/15820609/pexels-photo-15820609.jpeg?auto=compress&cs=tinysrgb&h=650&w=940
메인,다시마쌈세트(양배추.봄동.다시마),korean food dish,https://images.pexels.com/photos/2781540/pexels-photo-2781540.jpeg?auto=compress&cs=tinysrgb&h=650&w=940
메인,다시마채,korean food dish,https://images.pexels.com/photos/2781540/pexels-photo-2781540.jpeg?auto=compress&cs=tinysrgb&h=650&w=940
메인,단호박꽃게탕,korean sweet pumpkin crab squash food,https://images.pexels.com/photos/7368079/pexels-photo-7368079.jpeg?auto=compress&cs=tinysrgb&h=650&w=940
메인,단호박샐러드,korean sweet pumpkin salad squash food,https://images.pexels.com/photos/7368079/pexels-photo-7368079.jpeg?auto=compress&cs=tinysrgb&h=650&w=940
메인,단호박스프,korean sweet pumpkin squash soup food,https://images.pexels.com/photos/7368079/pexels-photo-7368079.jpeg?auto=compress&cs=tinysrgb&h=650&w=940
메인,단호박에그슬럿,korean sweet pumpkin squash food,https://images.pexels.com/photos/7368079/pexels-photo-7368079.jpeg?auto=compress&cs=tinysrgb&h=650&w=940
메인,단호박죽,korean sweet pumpkin squash korean rice porridge food,https://images.pexels.com/photos/7368079/pexels-photo-7368079.jpeg?auto=compress&cs=tinysrgb&h=650&w=940
메인,단호박활꽃게탕,korean sweet pumpkin crab squash food,https://images.pexels.com/photos/7368079/pexels-photo-7368079.jpeg?auto=compress&cs=tinysrgb&h=650&w=940
메인,달래된장찌개,korean fermented soybean paste korean stew food,https://images.pexels.com/photos/2781540/pexels-photo-2781540.jpeg?auto=compress&cs=tinysrgb&h=650&w=940
메인,달래장도토리묵구이,korean korean grilled dish food,https://images.pexels.com/photos/2781540/pexels-photo-2781540.jpeg?auto=compress&cs=tinysrgb&h=650&w=940
메인,닭가슴살샐러드,korean chicken breast salad chicken food,https://images.pexels.com/photos/7368041/pexels-photo-7368041.jpeg?auto=compress&cs=tinysrgb&h=650&w=940
메인,닭강정,korean korean fried chicken korean sweet crispy glazed chicken food,https://images.pexels.com/photos/18283713/pexels-photo-18283713.jpeg?auto=compress&cs=tinysrgb&h=650&w=940
메인,닭강정(국내산.닭다리살),korean korean fried chicken korean sweet crispy glazed chicken food,https://images.pexels.com/photos/18283713/pexels-photo-18283713.jpeg?auto=compress&cs=tinysrgb&h=650&w=940
메인,닭강정(국내산닭다리살),korean korean fried chicken korean sweet crispy glazed chicken food,https://images.pexels.com/photos/18283713/pexels-photo-18283713.jpeg?auto=compress&cs=tinysrgb&h=650&w=940
메인,닭강정_국내산,korean korean fried chicken korean sweet crispy glazed chicken food,https://images.pexels.com/photos/18283713/pexels-photo-18283713.jpeg?auto=compress&cs=tinysrgb&h=650&w=940
메인,닭개장,korean spicy chicken soup chicken food,https://images.pexels.com/photos/10966592/pexels-photo-10966592.jpeg?auto=compress&cs=tinysrgb&h=650&w=940
메인,닭개장(국내산),korean spicy chicken soup chicken food,https://images.pexels.com/photos/10966592/pexels-photo-10966592.jpeg?auto=compress&cs=tinysrgb&h=650&w=940
메인,닭다리닭곰탕,korean chicken korean soup food,https://images.pexels.com/photos/13085835/pexels-photo-13085835.jpeg?auto=compress&cs=tinysrgb&h=650&w=940
메인,닭다리살데리야끼덮밥,korean chicken thigh teriyaki chicken food,https://images.pexels.com/photos/37279872/pexels-photo-37279872.jpeg?auto=compress&cs=tinysrgb&h=650&w=940
메인,닭다리살데리야끼덮밥(밥×),korean chicken thigh teriyaki chicken food,https://images.pexels.com/photos/37279872/pexels-photo-37279872.jpeg?auto=compress&cs=tinysrgb&h=650&w=940
메인,"닭다리살데리야끼덮밥(스크램블에그,양배추.국내산)",korean chicken thigh teriyaki chicken food,https://images.pexels.com/photos/37279872/pexels-photo-37279872.jpeg?auto=compress&cs=tinysrgb&h=650&w=940
메인,닭다리살땅콩소스냉채,korean chicken thigh cold appetizer salad peanut food,https://images.pexels.com/photos/26341207/pexels-photo-26341207.jpeg?auto=compress&cs=tinysrgb&h=650&w=940
메인,닭다리살스테이크(국내산),korean chicken thigh steak chicken food,https://images.pexels.com/photos/13037133/pexels-photo-13037133.jpeg?auto=compress&cs=tinysrgb&h=650&w=940
메인,닭도리탕,korean chicken korean soup food,https://images.pexels.com/photos/13085835/pexels-photo-13085835.jpeg?auto=compress&cs=tinysrgb&h=650&w=940
메인,닭무쌈냉채,korean cold appetizer salad chicken korean radish food,https://images.pexels.com/photos/37540184/pexels-photo-37540184.jpeg?auto=compress&cs=tinysrgb&h=650&w=940
메인,닭무쌈냉채10.0.,korean cold appetizer salad chicken korean radish food,https://images.pexels.com/photos/37540184/pexels-photo-37540184.jpeg?auto=compress&cs=tinysrgb&h=650&w=940
메인,닭볶음탕,korean spicy chicken stew korean stir fry chicken food,https://images.pexels.com/photos/9715157/pexels-photo-9715157.jpeg?auto=compress&cs=tinysrgb&h=650&w=940
메인,닭볶음탕(국내산),korean spicy chicken stew korean stir fry chicken food,https://images.pexels.com/photos/9715157/pexels-photo-9715157.jpeg?auto=compress&cs=tinysrgb&h=650&w=940
메인,닭안심카츠,korean tenderloin chicken food,https://images.pexels.com/photos/18283713/pexels-photo-18283713.jpeg?auto=compress&cs=tinysrgb&h=650&w=940
메인,닭차슈갈비(애들이 좋아해요),korean short rib chicken food,https://images.pexels.com/photos/15955380/pexels-photo-15955380.jpeg?auto=compress&cs=tinysrgb&h=650&w=940
메인,닭한마리(칼국수o),korean chicken food,https://images.pexels.com/photos/15955380/pexels-photo-15955380.jpeg?auto=compress&cs=tinysrgb&h=650&w=940
메인,당근라페,korean carrot food,https://images.pexels.com/photos/12755998/pexels-photo-12755998.jpeg?auto=compress&cs=tinysrgb&h=650&w=940
메인,대구탕,korean cod fish soup korean soup food,https://images.pexels.com/photos/13085835/pexels-photo-13085835.jpeg?auto=compress&cs=tinysrgb&h=650&w=940
메인,더덕구이,korean deodeok root korean grilled dish food,https://images.pexels.com/photos/18283713/pexels-photo-18283713.jpeg?auto=compress&cs=tinysrgb&h=650&w=940
메인,더덕솥밥,korean deodeok root korean pot rice food,https://images.pexels.com/photos/18283713/pexels-photo-18283713.jpeg?auto=compress&cs=tinysrgb&h=650&w=940
메인,데리스리라차 닭다리살스테이크,korean chicken thigh steak chicken food,https://images.pexels.com/photos/13037133/pexels-photo-13037133.jpeg?auto=compress&cs=tinysrgb&h=650&w=940
메인,데리스리라차닭다리살구이,korean chicken thigh korean grilled dish chicken food,https://images.pexels.com/photos/14224207/pexels-photo-14224207.jpeg?auto=compress&cs=tinysrgb&h=650&w=940
메인,데리야끼닭다리살덮밥,korean chicken thigh teriyaki chicken food,https://images.pexels.com/photos/37279872/pexels-photo-37279872.jpeg?auto=compress&cs=tinysrgb&h=650&w=940
메인,데리야끼두부강정,korean teriyaki tofu korean sweet crispy glazed food,https://images.pexels.com/photos/5127322/pexels-photo-5127322.jpeg?auto=compress&cs=tinysrgb&h=650&w=940
메인,데리야끼윙봉,korean teriyaki food,https://images.pexels.com/photos/37279872/pexels-photo-37279872.jpeg?auto=compress&cs=tinysrgb&h=650&w=940
메인,데리야끼윙봉치킨,korean teriyaki food,https://images.pexels.com/photos/37279872/pexels-photo-37279872.jpeg?auto=compress&cs=tinysrgb&h=650&w=940
메인,도라지강정,korean bellflower root korean sweet crispy glazed food,https://images.pexels.com/photos/18283713/pexels-photo-18283713.jpeg?auto=compress&cs=tinysrgb&h=650&w=940
메인,도토리묵구이,korean korean grilled dish food,https://images.pexels.com/photos/2781540/pexels-photo-2781540.jpeg?auto=compress&cs=tinysrgb&h=650&w=940
메인,도토리묵구이+달래장,korean korean grilled dish food,https://images.pexels.com/photos/2781540/pexels-photo-2781540.jpeg?auto=compress&cs=tinysrgb&h=650&w=940
메인,도토리묵구이달래장,korean korean grilled dish food,https://images.pexels.com/photos/2781540/pexels-photo-2781540.jpeg?auto=compress&cs=tinysrgb&h=650&w=940
메인,도토리묵사발,korean food dish,https://images.pexels.com/photos/2781540/pexels-photo-2781540.jpeg?auto=compress&cs=tinysrgb&h=650&w=940
메인,동지팥죽,korean korean rice porridge food,https://images.pexels.com/photos/18283713/pexels-photo-18283713.jpeg?auto=compress&cs=tinysrgb&h=650&w=940
메인,동태전,korean pollock fish korean savory pancake jeon food,https://images.pexels.com/photos/15955380/pexels-photo-15955380.jpeg?auto=compress&cs=tinysrgb&h=650&w=940
메인,동태찌개,korean pollock fish korean stew food,https://images.pexels.com/photos/18283713/pexels-photo-18283713.jpeg?auto=compress&cs=tinysrgb&h=650&w=940
메인,동태탕,korean pollock fish korean soup food,https://images.pexels.com/photos/13085835/pexels-photo-13085835.jpeg?auto=compress&cs=tinysrgb&h=650&w=940
메인,동태탕(반조리),korean pollock fish korean soup food,https://images.pexels.com/photos/13085835/pexels-photo-13085835.jpeg?auto=compress&cs=tinysrgb&h=650&w=940
메인,돼지불백반조리,korean pork food,https://images.pexels.com/photos/13085835/pexels-photo-13085835.jpeg?auto=compress&cs=tinysrgb&h=650&w=940
메인,돼지불백키트(반조리),korean pork food,https://images.pexels.com/photos/13085835/pexels-photo-13085835.jpeg?auto=compress&cs=tinysrgb&h=650&w=940
메인,된장시래기국,korean fermented soybean paste korean soup food,https://images.pexels.com/photos/2781540/pexels-photo-2781540.jpeg?auto=compress&cs=tinysrgb&h=650&w=940
메인,두부가지버섯샐러드,korean salad tofu eggplant food,https://images.pexels.com/photos/8743928/pexels-photo-8743928.jpeg?auto=compress&cs=tinysrgb&h=650&w=940
메인,두부가지샐러드,korean salad tofu eggplant food,https://images.pexels.com/photos/8743928/pexels-photo-8743928.jpeg?auto=compress&cs=tinysrgb&h=650&w=940
메인,두부강정,korean tofu korean sweet crispy glazed food,https://images.pexels.com/photos/18283713/pexels-photo-18283713.jpeg?auto=compress&cs=tinysrgb&h=650&w=940
메인,두부계란말이,korean tofu egg food,https://images.pexels.com/photos/2781540/pexels-photo-2781540.jpeg?auto=compress&cs=tinysrgb&h=650&w=940
메인,두부계란전,korean tofu egg korean savory pancake jeon food,https://images.pexels.com/photos/15955380/pexels-photo-15955380.jpeg?auto=compress&cs=tinysrgb&h=650&w=940
메인,두부들기름구이,korean perilla oil tofu korean grilled dish food,https://images.pexels.com/photos/2781540/pexels-photo-2781540.jpeg?auto=compress&cs=tinysrgb&h=650&w=940
메인,두부명란국,korean tofu pollock roe korean soup food,https://images.pexels.com/photos/18283713/pexels-photo-18283713.jpeg?auto=compress&cs=tinysrgb&h=650&w=940
메인,두부스테이크,korean steak tofu food,https://images.pexels.com/photos/5182122/pexels-photo-5182122.jpeg?auto=compress&cs=tinysrgb&h=650&w=940
메인,두부야채계란부침,korean tofu egg food,https://images.pexels.com/photos/2781540/pexels-photo-2781540.jpeg?auto=compress&cs=tinysrgb&h=650&w=940
메인,두부야채전,korean tofu korean savory pancake jeon food,https://images.pexels.com/photos/15955380/pexels-photo-15955380.jpeg?auto=compress&cs=tinysrgb&h=650&w=940
메인,두부전,korean tofu korean savory pancake jeon food,https://images.pexels.com/photos/15955380/pexels-photo-15955380.jpeg?auto=compress&cs=tinysrgb&h=650&w=940
메인,두부찜,korean tofu korean braised steamed dish food,https://images.pexels.com/photos/2781540/pexels-photo-2781540.jpeg?auto=compress&cs=tinysrgb&h=650&w=940
메인,두부참치동그랑땡,korean tofu food,https://images.pexels.com/photos/2781540/pexels-photo-2781540.jpeg?auto=compress&cs=tinysrgb&h=650&w=940
메인,들깨감자국,korean potato perilla seed korean soup food,https://images.pexels.com/photos/13085835/pexels-photo-13085835.jpeg?auto=compress&cs=tinysrgb&h=650&w=940
메인,들깨고사리찜,korean fernbrake perilla seed korean braised steamed dish food,https://images.pexels.com/photos/28246107/pexels-photo-28246107.jpeg?auto=compress&cs=tinysrgb&h=650&w=940
메인,들깨미역국,korean perilla seed korean soup food,https://images.pexels.com/photos/13085835/pexels-photo-13085835.jpeg?auto=compress&cs=tinysrgb&h=650&w=940
메인,들깨미역국&옹심이,korean perilla seed korean soup food,https://images.pexels.com/photos/13085835/pexels-photo-13085835.jpeg?auto=compress&cs=tinysrgb&h=650&w=940
메인,들깨미역북,korean perilla seed food,https://images.pexels.com/photos/15955380/pexels-photo-15955380.jpeg?auto=compress&cs=tinysrgb&h=650&w=940
메인,들깨버섯탕,korean mushroom perilla seed korean soup food,https://images.pexels.com/photos/13085835/pexels-photo-13085835.jpeg?auto=compress&cs=tinysrgb&h=650&w=940
메인,들깨시락국,korean perilla seed korean soup food,https://images.pexels.com/photos/13085835/pexels-photo-13085835.jpeg?auto=compress&cs=tinysrgb&h=650&w=940
메인,따뜻한닭한마리(칼국수o),korean chicken food,https://images.pexels.com/photos/15955380/pexels-photo-15955380.jpeg?auto=compress&cs=tinysrgb&h=650&w=940
메인,땅두릅 초장세트,korean food dish,https://images.pexels.com/photos/2781540/pexels-photo-2781540.jpeg?auto=compress&cs=tinysrgb&h=650&w=940
메인,땅콩소스닭냉채,korean cold appetizer salad peanut chicken food,https://images.pexels.com/photos/10839568/pexels-photo-10839568.jpeg?auto=compress&cs=tinysrgb&h=650&w=940
메인,땡초부추전,korean garlic chive korean savory pancake jeon food,https://images.pexels.com/photos/15955380/pexels-photo-15955380.jpeg?auto=compress&cs=tinysrgb&h=650&w=940
메인,땡초부추전_비조리/완조리,korean garlic chive korean savory pancake jeon food,https://images.pexels.com/photos/15955380/pexels-photo-15955380.jpeg?auto=compress&cs=tinysrgb&h=650&w=940
메인,떡잡채,korean japchae glass noodles rice cake food,https://images.pexels.com/photos/18283713/pexels-photo-18283713.jpeg?auto=compress&cs=tinysrgb&h=650&w=940
메인,뚱유부초밥(3pcs),korean inari sushi food,https://images.pexels.com/photos/14469273/pexels-photo-14469273.jpeg?auto=compress&cs=tinysrgb&h=650&w=940
메인,라구딸리아뗄레파스타,korean pasta food,https://images.pexels.com/photos/18283713/pexels-photo-18283713.jpeg?auto=compress&cs=tinysrgb&h=650&w=940
메인,라구라자냐,korean lasagna food,https://images.pexels.com/photos/15955380/pexels-photo-15955380.jpeg?auto=compress&cs=tinysrgb&h=650&w=940
메인,루꼴라페스토 파스타샐러드,korean pasta salad food,https://images.pexels.com/photos/37540181/pexels-photo-37540181.jpeg?auto=compress&cs=tinysrgb&h=650&w=940
메인,리코타샐러드,korean salad food,https://images.pexels.com/photos/12755998/pexels-photo-12755998.jpeg?auto=compress&cs=tinysrgb&h=650&w=940
메인,리코타치즈샐러드,korean salad cheese food,https://images.pexels.com/photos/36850033/pexels-photo-36850033.jpeg?auto=compress&cs=tinysrgb&h=650&w=940
메인,마들렌2pc,korean food dish,https://images.pexels.com/photos/2781540/pexels-photo-2781540.jpeg?auto=compress&cs=tinysrgb&h=650&w=940
메인,마른가지강정,korean eggplant korean sweet crispy glazed food,https://images.pexels.com/photos/18283713/pexels-photo-18283713.jpeg?auto=compress&cs=tinysrgb&h=650&w=940
메인,마재기 무생채,korean korean radish food,https://images.pexels.com/photos/2781540/pexels-photo-2781540.jpeg?auto=compress&cs=tinysrgb&h=650&w=940
메인,마카로니샐러드,korean salad food,https://images.pexels.com/photos/12755998/pexels-photo-12755998.jpeg?auto=compress&cs=tinysrgb&h=650&w=940
메인,"마파두부(한우,한돈)",korean tofu food,https://images.pexels.com/photos/2781540/pexels-photo-2781540.jpeg?auto=compress&cs=tinysrgb&h=650&w=940
메인,맑은대구탕,korean cod fish soup korean soup food,https://images.pexels.com/photos/13085835/pexels-photo-13085835.jpeg?auto=compress&cs=tinysrgb&h=650&w=940
메인,맑은생대구탕,korean cod fish soup korean soup food,https://images.pexels.com/photos/13085835/pexels-photo-13085835.jpeg?auto=compress&cs=tinysrgb&h=650&w=940
메인,맑은소고기뭇국,korean beef korean soup food,https://images.pexels.com/photos/13085835/pexels-photo-13085835.jpeg?auto=compress&cs=tinysrgb&h=650&w=940
메인,맑은한우탕국,korean korean beef korean soup food,https://images.pexels.com/photos/13085835/pexels-photo-13085835.jpeg?auto=compress&cs=tinysrgb&h=650&w=940
메인,매생이굴국,korean oyster korean soup food,https://images.pexels.com/photos/13085835/pexels-photo-13085835.jpeg?auto=compress&cs=tinysrgb&h=650&w=940
메인,매콤콩나물잡채,korean bean sprouts japchae glass noodles food,https://images.pexels.com/photos/13085835/pexels-photo-13085835.jpeg?auto=compress&cs=tinysrgb&h=650&w=940
메인,메추리알,korean quail egg food,https://images.pexels.com/photos/7019337/pexels-photo-7019337.jpeg?auto=compress&cs=tinysrgb&h=650&w=940
메인,멸치두부조림,korean tofu korean braised dish food,https://images.pexels.com/photos/2781540/pexels-photo-2781540.jpeg?auto=compress&cs=tinysrgb&h=650&w=940
메인,명란젓국,korean pollock roe korean soup food,https://images.pexels.com/photos/13085835/pexels-photo-13085835.jpeg?auto=compress&cs=tinysrgb&h=650&w=940
메인,명엽채,korean food dish,https://images.pexels.com/photos/2781540/pexels-photo-2781540.jpeg?auto=compress&cs=tinysrgb&h=650&w=940
메인,명태껍질강정,korean pollock fish korean sweet crispy glazed food,https://images.pexels.com/photos/18283713/pexels-photo-18283713.jpeg?auto=compress&cs=tinysrgb&h=650&w=940
메인,명태튀각,korean pollock fish food,https://images.pexels.com/photos/18283713/pexels-photo-18283713.jpeg?auto=compress&cs=tinysrgb&h=650&w=940
메인,모듬버섯불고기전골,korean mushroom korean hot pot korean savory pancake jeon food,https://images.pexels.com/photos/15955380/pexels-photo-15955380.jpeg?auto=compress&cs=tinysrgb&h=650&w=940
메인,모듬쌈,korean food dish,https://images.pexels.com/photos/2781540/pexels-photo-2781540.jpeg?auto=compress&cs=tinysrgb&h=650&w=940
메인,모듬쌈 갈치속젓세트,korean hairtail fish food,https://images.pexels.com/photos/18283713/pexels-photo-18283713.jpeg?auto=compress&cs=tinysrgb&h=650&w=940
메인,모듬쌈강된장,korean thick soybean paste stew fermented soybean paste food,https://images.pexels.com/photos/2781540/pexels-photo-2781540.jpeg?auto=compress&cs=tinysrgb&h=650&w=940
메인,모듬야채전,korean korean savory pancake jeon food,https://images.pexels.com/photos/15955380/pexels-photo-15955380.jpeg?auto=compress&cs=tinysrgb&h=650&w=940
메인,모듬전(동태.삼색.새우전.한우육전),korean korean savory pancake jeon food,https://images.pexels.com/photos/15955380/pexels-photo-15955380.jpeg?auto=compress&cs=tinysrgb&h=650&w=940
메인,목살LA식양념구이,korean pork neck korean grilled dish food,https://images.pexels.com/photos/19362399/pexels-photo-19362399.jpeg?auto=compress&cs=tinysrgb&h=650&w=940
메인,몽골리안비프,korean food dish,https://images.pexels.com/photos/2781540/pexels-photo-2781540.jpeg?auto=compress&cs=tinysrgb&h=650&w=940
메인,무들깨국,korean perilla seed korean radish korean soup food,https://images.pexels.com/photos/13085835/pexels-photo-13085835.jpeg?auto=compress&cs=tinysrgb&h=650&w=940
메인,무생채,korean korean radish food,https://images.pexels.com/photos/2781540/pexels-photo-2781540.jpeg?auto=compress&cs=tinysrgb&h=650&w=940
메인,무시래기된장지짐,korean fermented soybean paste korean radish food,https://images.pexels.com/photos/2781540/pexels-photo-2781540.jpeg?auto=compress&cs=tinysrgb&h=650&w=940
메인,무쌈말이,korean korean radish food,https://images.pexels.com/photos/2781540/pexels-photo-2781540.jpeg?auto=compress&cs=tinysrgb&h=650&w=940
메인,무청된장지짐,korean fermented soybean paste korean radish food,https://images.pexels.com/photos/2781540/pexels-photo-2781540.jpeg?auto=compress&cs=tinysrgb&h=650&w=940
메인,묵사발,korean food dish,https://images.pexels.com/photos/2781540/pexels-photo-2781540.jpeg?auto=compress&cs=tinysrgb&h=650&w=940
메인,물떡부산꼬지어묵탕(반조리),korean rice cake korean soup food,https://images.pexels.com/photos/18283713/pexels-photo-18283713.jpeg?auto=compress&cs=tinysrgb&h=650&w=940
메인,미나리부추전(반조리),korean water dropwort garlic chive korean savory pancake jeon food,https://images.pexels.com/photos/15131306/pexels-photo-15131306.jpeg?auto=compress&cs=tinysrgb&h=650&w=940
메인,미역초냉채,korean cold appetizer salad food,https://images.pexels.com/photos/10839568/pexels-photo-10839568.jpeg?auto=compress&cs=tinysrgb&h=650&w=940
메인,바싹한우불고기,korean korean beef food,https://images.pexels.com/photos/2781540/pexels-photo-2781540.jpeg?auto=compress&cs=tinysrgb&h=650&w=940
메인,바지락된장찌개,korean fermented soybean paste korean stew food,https://images.pexels.com/photos/2781540/pexels-photo-2781540.jpeg?auto=compress&cs=tinysrgb&h=650&w=940
메인,바지락시금치된장국,korean spinach fermented soybean paste korean soup food,https://images.pexels.com/photos/2781540/pexels-photo-2781540.jpeg?auto=compress&cs=tinysrgb&h=650&w=940
메인,바질파스타샐러드,korean pasta salad food,https://images.pexels.com/photos/37540181/pexels-photo-37540181.jpeg?auto=compress&cs=tinysrgb&h=650&w=940
메인,바질페스토샐러드,korean salad food,https://images.pexels.com/photos/12755998/pexels-photo-12755998.jpeg?auto=compress&cs=tinysrgb&h=650&w=940
메인,바질페스토파스타,korean pasta food,https://images.pexels.com/photos/18283713/pexels-photo-18283713.jpeg?auto=compress&cs=tinysrgb&h=650&w=940
메인,밥식혜,korean food dish,https://images.pexels.com/photos/2781540/pexels-photo-2781540.jpeg?auto=compress&cs=tinysrgb&h=650&w=940
메인,방방지(닭다리땅콩소스냉채),korean food dish,https://images.pexels.com/photos/2781540/pexels-photo-2781540.jpeg?auto=compress&cs=tinysrgb&h=650&w=940
메인,방방지(땅콩소스닭고기),korean food dish,https://images.pexels.com/photos/2781540/pexels-photo-2781540.jpeg?auto=compress&cs=tinysrgb&h=650&w=940
메인,방방지(땅콩소스닭냉채),korean food dish,https://images.pexels.com/photos/2781540/pexels-photo-2781540.jpeg?auto=compress&cs=tinysrgb&h=650&w=940
메인,배추감자들깨국,korean potato napa cabbage perilla seed food,https://images.pexels.com/photos/14269237/pexels-photo-14269237.jpeg?auto=compress&cs=tinysrgb&h=650&w=940
메인,배추된장국,korean napa cabbage fermented soybean paste korean soup food,https://images.pexels.com/photos/12755998/pexels-photo-12755998.jpeg?auto=compress&cs=tinysrgb&h=650&w=940
메인,배추들깨탕,korean napa cabbage perilla seed korean soup food,https://images.pexels.com/photos/13085835/pexels-photo-13085835.jpeg?auto=compress&cs=tinysrgb&h=650&w=940
메인,배추전,korean napa cabbage korean savory pancake jeon food,https://images.pexels.com/photos/15955380/pexels-photo-15955380.jpeg?auto=compress&cs=tinysrgb&h=650&w=940
메인,백조기구이,korean croaker fish korean grilled dish food,https://images.pexels.com/photos/2781540/pexels-photo-2781540.jpeg?auto=compress&cs=tinysrgb&h=650&w=940
메인,백합탕,korean korean soup food,https://images.pexels.com/photos/13085835/pexels-photo-13085835.jpeg?auto=compress&cs=tinysrgb&h=650&w=940
메인,버섯들깨탕,korean mushroom perilla seed korean soup food,https://images.pexels.com/photos/13085835/pexels-photo-13085835.jpeg?auto=compress&cs=tinysrgb&h=650&w=940
메인,버섯생불고기전골,korean mushroom korean hot pot korean savory pancake jeon food,https://images.pexels.com/photos/15955380/pexels-photo-15955380.jpeg?auto=compress&cs=tinysrgb&h=650&w=940
메인,버섯순두부들깨탕,korean tofu mushroom perilla seed food,https://images.pexels.com/photos/5182122/pexels-photo-5182122.jpeg?auto=compress&cs=tinysrgb&h=650&w=940
메인,버섯탕수,korean mushroom sweet and sour korean soup food,https://images.pexels.com/photos/8580433/pexels-photo-8580433.jpeg?auto=compress&cs=tinysrgb&h=650&w=940
메인,버섯한우불고기전골,korean korean beef mushroom korean hot pot food,https://images.pexels.com/photos/2781540/pexels-photo-2781540.jpeg?auto=compress&cs=tinysrgb&h=650&w=940
메인,버터치킨커리,korean curry butter food,https://images.pexels.com/photos/29685054/pexels-photo-29685054.jpeg?auto=compress&cs=tinysrgb&h=650&w=940
메인,버터치킨커리(국내산),korean curry butter food,https://images.pexels.com/photos/29685054/pexels-photo-29685054.jpeg?auto=compress&cs=tinysrgb&h=650&w=940
메인,버터치킨커리(국산),korean curry butter food,https://images.pexels.com/photos/29685054/pexels-photo-29685054.jpeg?auto=compress&cs=tinysrgb&h=650&w=940
메인,베이컨로제파스타(수제소스),korean pasta food,https://images.pexels.com/photos/18283713/pexels-photo-18283713.jpeg?auto=compress&cs=tinysrgb&h=650&w=940
메인,베이컨토마토파스타(반조리.수제소스),korean pasta food,https://images.pexels.com/photos/18283713/pexels-photo-18283713.jpeg?auto=compress&cs=tinysrgb&h=650&w=940
메인,보들계란찜,korean egg korean braised steamed dish food,https://images.pexels.com/photos/2781540/pexels-photo-2781540.jpeg?auto=compress&cs=tinysrgb&h=650&w=940
메인,보리새우미나리전,korean water dropwort shrimp korean savory pancake jeon food,https://images.pexels.com/photos/24532332/pexels-photo-24532332.jpeg?auto=compress&cs=tinysrgb&h=650&w=940
메인,보리새우부추전,korean shrimp garlic chive korean savory pancake jeon food,https://images.pexels.com/photos/15955380/pexels-photo-15955380.jpeg?auto=compress&cs=tinysrgb&h=650&w=940
메인,"볼로네제라자냐(한우,한돈)",korean lasagna food,https://images.pexels.com/photos/15955380/pexels-photo-15955380.jpeg?auto=compress&cs=tinysrgb&h=650&w=940
메인,봄동된장국,korean fermented soybean paste korean soup food,https://images.pexels.com/photos/2781540/pexels-photo-2781540.jpeg?auto=compress&cs=tinysrgb&h=650&w=940
메인,봄동보리새우전,korean shrimp korean savory pancake jeon food,https://images.pexels.com/photos/15955380/pexels-photo-15955380.jpeg?auto=compress&cs=tinysrgb&h=650&w=940
메인,봄동비빔밥키트(2인),korean bibimbap food,https://images.pexels.com/photos/15955380/pexels-photo-15955380.jpeg?auto=compress&cs=tinysrgb&h=650&w=940
메인,봄동시락국,korean korean soup food,https://images.pexels.com/photos/13085835/pexels-photo-13085835.jpeg?auto=compress&cs=tinysrgb&h=650&w=940
메인,봄동조개된장국,korean clam fermented soybean paste korean soup food,https://images.pexels.com/photos/2781540/pexels-photo-2781540.jpeg?auto=compress&cs=tinysrgb&h=650&w=940
메인,부대찌개,korean korean stew food,https://images.pexels.com/photos/15955380/pexels-photo-15955380.jpeg?auto=compress&cs=tinysrgb&h=650&w=940
메인,부산즉석어묵탕,korean korean soup food,https://images.pexels.com/photos/13085835/pexels-photo-13085835.jpeg?auto=compress&cs=tinysrgb&h=650&w=940
메인,부지깽이,korean food dish,https://images.pexels.com/photos/2781540/pexels-photo-2781540.jpeg?auto=compress&cs=tinysrgb&h=650&w=940
메인,부채살스테이크덮밥키트(미국산),korean steak food,https://images.pexels.com/photos/1314041/pexels-photo-1314041.jpeg?auto=compress&cs=tinysrgb&h=650&w=940
메인,부채살찹스테이크,korean steak food,https://images.pexels.com/photos/1314041/pexels-photo-1314041.jpeg?auto=compress&cs=tinysrgb&h=650&w=940
메인,부채살찹스테이크(레드와인소스),korean steak food,https://images.pexels.com/photos/1314041/pexels-photo-1314041.jpeg?auto=compress&cs=tinysrgb&h=650&w=940
메인,부추땡초전,korean garlic chive korean savory pancake jeon food,https://images.pexels.com/photos/15955380/pexels-photo-15955380.jpeg?auto=compress&cs=tinysrgb&h=650&w=940
메인,부추미나리전,korean water dropwort garlic chive korean savory pancake jeon food,https://images.pexels.com/photos/15131306/pexels-photo-15131306.jpeg?auto=compress&cs=tinysrgb&h=650&w=940
메인,부추장떡,korean garlic chive rice cake food,https://images.pexels.com/photos/18283713/pexels-photo-18283713.jpeg?auto=compress&cs=tinysrgb&h=650&w=940
메인,부추장떡(반조리),korean garlic chive rice cake food,https://images.pexels.com/photos/18283713/pexels-photo-18283713.jpeg?auto=compress&cs=tinysrgb&h=650&w=940
메인,북어고추장매운찌개,korean korean chili paste korean stew food,https://images.pexels.com/photos/15955380/pexels-photo-15955380.jpeg?auto=compress&cs=tinysrgb&h=650&w=940
메인,북어구이,korean korean grilled dish food,https://images.pexels.com/photos/2781540/pexels-photo-2781540.jpeg?auto=compress&cs=tinysrgb&h=650&w=940
메인,북어구이 7. 0.,korean korean grilled dish food,https://images.pexels.com/photos/2781540/pexels-photo-2781540.jpeg?auto=compress&cs=tinysrgb&h=650&w=940
메인,북어국,korean korean soup food,https://images.pexels.com/photos/13085835/pexels-photo-13085835.jpeg?auto=compress&cs=tinysrgb&h=650&w=940
메인,불고기샌드위치(치아바타),korean sandwich food,https://images.pexels.com/photos/6416558/pexels-photo-6416558.jpeg?auto=compress&cs=tinysrgb&h=650&w=940
메인,브로콜리계란샐러드,korean salad egg food,https://images.pexels.com/photos/10839568/pexels-photo-10839568.jpeg?auto=compress&cs=tinysrgb&h=650&w=940
메인,브로콜리오징어숙회,korean squid food,https://images.pexels.com/photos/15801007/pexels-photo-15801007.jpeg?auto=compress&cs=tinysrgb&h=650&w=940
메인,브에토샐러드,korean salad food,https://images.pexels.com/photos/12755998/pexels-photo-12755998.jpeg?auto=compress&cs=tinysrgb&h=650&w=940
메인,비프크림리조또,korean food dish,https://images.pexels.com/photos/2781540/pexels-photo-2781540.jpeg?auto=compress&cs=tinysrgb&h=650&w=940
메인,빈대떡,korean rice cake food,https://images.pexels.com/photos/18283713/pexels-photo-18283713.jpeg?auto=compress&cs=tinysrgb&h=650&w=940
메인,빨간찜닭(간장+고추장),korean chicken korean braised steamed dish food,https://images.pexels.com/photos/18283713/pexels-photo-18283713.jpeg?auto=compress&cs=tinysrgb&h=650&w=940
메인,사태족발&마늘소스,korean pig feet braised food,https://images.pexels.com/photos/15955380/pexels-photo-15955380.jpeg?auto=compress&cs=tinysrgb&h=650&w=940
메인,삼계탕,korean korean soup food,https://images.pexels.com/photos/13085835/pexels-photo-13085835.jpeg?auto=compress&cs=tinysrgb&h=650&w=940
메인,삼계탕(11호닭. 큽니당!),korean korean soup food,https://images.pexels.com/photos/13085835/pexels-photo-13085835.jpeg?auto=compress&cs=tinysrgb&h=650&w=940
메인,삼계탕(국내산.11호),korean korean soup food,https://images.pexels.com/photos/13085835/pexels-photo-13085835.jpeg?auto=compress&cs=tinysrgb&h=650&w=940
메인,삼치강정,korean korean sweet crispy glazed food,https://images.pexels.com/photos/18283713/pexels-photo-18283713.jpeg?auto=compress&cs=tinysrgb&h=650&w=940
메인,새송이잡채(당면x.새송이로!),korean japchae glass noodles food,https://images.pexels.com/photos/15955380/pexels-photo-15955380.jpeg?auto=compress&cs=tinysrgb&h=650&w=940
메인,새송이전,korean korean savory pancake jeon food,https://images.pexels.com/photos/15955380/pexels-photo-15955380.jpeg?auto=compress&cs=tinysrgb&h=650&w=940
메인,새알미역국,korean korean soup food,https://images.pexels.com/photos/13085835/pexels-photo-13085835.jpeg?auto=compress&cs=tinysrgb&h=650&w=940
메인,새우동그랑땡,korean shrimp food,https://images.pexels.com/photos/8697543/pexels-photo-8697543.jpeg?auto=compress&cs=tinysrgb&h=650&w=940
메인,새우바질페스토파스타,korean pasta shrimp food,https://images.pexels.com/photos/8588500/pexels-photo-8588500.jpeg?auto=compress&cs=tinysrgb&h=650&w=940
메인,새우볼(8pcs),korean shrimp food,https://images.pexels.com/photos/8697543/pexels-photo-8697543.jpeg?auto=compress&cs=tinysrgb&h=650&w=940
메인,새우스프링롤,korean shrimp soup food,https://images.pexels.com/photos/13085835/pexels-photo-13085835.jpeg?auto=compress&cs=tinysrgb&h=650&w=940
메인,새우전,korean shrimp korean savory pancake jeon food,https://images.pexels.com/photos/15955380/pexels-photo-15955380.jpeg?auto=compress&cs=tinysrgb&h=650&w=940
메인,새우쪽파꼬지전,korean shrimp korean savory pancake jeon food,https://images.pexels.com/photos/15955380/pexels-photo-15955380.jpeg?auto=compress&cs=tinysrgb&h=650&w=940
메인,새콤무생채,korean korean radish food,https://images.pexels.com/photos/2781540/pexels-photo-2781540.jpeg?auto=compress&cs=tinysrgb&h=650&w=940
메인,샐러드,korean salad food,https://images.pexels.com/photos/12755998/pexels-photo-12755998.jpeg?auto=compress&cs=tinysrgb&h=650&w=940
메인,생고등어구이,korean mackerel grilled korean grilled dish food,https://images.pexels.com/photos/28246107/pexels-photo-28246107.jpeg?auto=compress&cs=tinysrgb&h=650&w=940
메인,생고등어숯불구이,korean mackerel grilled korean grilled dish food,https://images.pexels.com/photos/28246107/pexels-photo-28246107.jpeg?auto=compress&cs=tinysrgb&h=650&w=940
메인,생대구지리탕,korean cod fish soup korean soup food,https://images.pexels.com/photos/13085835/pexels-photo-13085835.jpeg?auto=compress&cs=tinysrgb&h=650&w=940
메인,생물가자미구이(25센치),korean flatfish korean grilled dish food,https://images.pexels.com/photos/2781540/pexels-photo-2781540.jpeg?auto=compress&cs=tinysrgb&h=650&w=940
메인,생물단호박꽃게탕,korean sweet pumpkin crab squash food,https://images.pexels.com/photos/7368079/pexels-photo-7368079.jpeg?auto=compress&cs=tinysrgb&h=650&w=940
메인,생미역 오징어숙회세트,korean squid food,https://images.pexels.com/photos/15801007/pexels-photo-15801007.jpeg?auto=compress&cs=tinysrgb&h=650&w=940
메인,생선구이,korean korean grilled dish food,https://images.pexels.com/photos/2781540/pexels-photo-2781540.jpeg?auto=compress&cs=tinysrgb&h=650&w=940
메인,생선까스,korean food dish,https://images.pexels.com/photos/2781540/pexels-photo-2781540.jpeg?auto=compress&cs=tinysrgb&h=650&w=940
메인,생선까스+타르소스,korean food dish,https://images.pexels.com/photos/2781540/pexels-photo-2781540.jpeg?auto=compress&cs=tinysrgb&h=650&w=940
메인,생아구탕,korean monkfish korean soup food,https://images.pexels.com/photos/13085835/pexels-photo-13085835.jpeg?auto=compress&cs=tinysrgb&h=650&w=940
메인,생오리불고기,korean duck food,https://images.pexels.com/photos/15955380/pexels-photo-15955380.jpeg?auto=compress&cs=tinysrgb&h=650&w=940
메인,생오리불고기(국내산),korean duck food,https://images.pexels.com/photos/15955380/pexels-photo-15955380.jpeg?auto=compress&cs=tinysrgb&h=650&w=940
메인,생오리불고기(완조리.반조리),korean duck food,https://images.pexels.com/photos/15955380/pexels-photo-15955380.jpeg?auto=compress&cs=tinysrgb&h=650&w=940
메인,생오리불고기_국내산,korean duck korean soup food,https://images.pexels.com/photos/15955380/pexels-photo-15955380.jpeg?auto=compress&cs=tinysrgb&h=650&w=940
메인,생오리주불럭(완조리),korean duck food,https://images.pexels.com/photos/15955380/pexels-photo-15955380.jpeg?auto=compress&cs=tinysrgb&h=650&w=940
메인,생콩비지찌개,korean korean stew food,https://images.pexels.com/photos/15955380/pexels-photo-15955380.jpeg?auto=compress&cs=tinysrgb&h=650&w=940
메인,서울식국물불고기전골,korean korean hot pot korean soup korean savory pancake jeon food,https://images.pexels.com/photos/15955380/pexels-photo-15955380.jpeg?auto=compress&cs=tinysrgb&h=650&w=940
메인,소갈비찜(고기만500g),korean short rib korean braised steamed dish food,https://images.pexels.com/photos/2781540/pexels-photo-2781540.jpeg?auto=compress&cs=tinysrgb&h=650&w=940
메인,소고기부추말이,korean beef garlic chive food,https://images.pexels.com/photos/1314041/pexels-photo-1314041.jpeg?auto=compress&cs=tinysrgb&h=650&w=940
메인,소고기얼큰뭇국,korean beef korean soup food,https://images.pexels.com/photos/13085835/pexels-photo-13085835.jpeg?auto=compress&cs=tinysrgb&h=650&w=940
메인,수제고구마튀김,korean sweet potato korean fried food food,https://images.pexels.com/photos/18283713/pexels-photo-18283713.jpeg?auto=compress&cs=tinysrgb&h=650&w=940
메인,수제고추장,korean korean chili paste food,https://images.pexels.com/photos/15955380/pexels-photo-15955380.jpeg?auto=compress&cs=tinysrgb&h=650&w=940
메인,수제냉모밀,korean cold soba noodles buckwheat noodles soba food,https://images.pexels.com/photos/13085835/pexels-photo-13085835.jpeg?auto=compress&cs=tinysrgb&h=650&w=940
메인,수제닭안심카츠,korean tenderloin chicken food,https://images.pexels.com/photos/18283713/pexels-photo-18283713.jpeg?auto=compress&cs=tinysrgb&h=650&w=940
메인,수제데리야끼소스,korean teriyaki food,https://images.pexels.com/photos/37279872/pexels-photo-37279872.jpeg?auto=compress&cs=tinysrgb&h=650&w=940
메인,수제두부스테이크,korean steak tofu food,https://images.pexels.com/photos/5182122/pexels-photo-5182122.jpeg?auto=compress&cs=tinysrgb&h=650&w=940
메인,수제딸기잼,korean food dish,https://images.pexels.com/photos/2781540/pexels-photo-2781540.jpeg?auto=compress&cs=tinysrgb&h=650&w=940
메인,수제라구소스,korean food dish,https://images.pexels.com/photos/2781540/pexels-photo-2781540.jpeg?auto=compress&cs=tinysrgb&h=650&w=940
메인,수제마늘고추장,korean korean chili paste food,https://images.pexels.com/photos/15955380/pexels-photo-15955380.jpeg?auto=compress&cs=tinysrgb&h=650&w=940
메인,수제맛간장,korean food dish,https://images.pexels.com/photos/2781540/pexels-photo-2781540.jpeg?auto=compress&cs=tinysrgb&h=650&w=940
메인,수제메밀소바(1인),korean soba noodles food,https://images.pexels.com/photos/13085835/pexels-photo-13085835.jpeg?auto=compress&cs=tinysrgb&h=650&w=940
메인,수제모밀소바,korean buckwheat noodles soba soba noodles food,https://images.pexels.com/photos/13085835/pexels-photo-13085835.jpeg?auto=compress&cs=tinysrgb&h=650&w=940
메인,수제무피클,korean korean radish food,https://images.pexels.com/photos/2781540/pexels-photo-2781540.jpeg?auto=compress&cs=tinysrgb&h=650&w=940
메인,수제생선카츠,korean food dish,https://images.pexels.com/photos/2781540/pexels-photo-2781540.jpeg?auto=compress&cs=tinysrgb&h=650&w=940
메인,수제소바(1인),korean soba noodles food,https://images.pexels.com/photos/13085835/pexels-photo-13085835.jpeg?auto=compress&cs=tinysrgb&h=650&w=940
메인,수제소스라따뚜이,korean food dish,https://images.pexels.com/photos/2781540/pexels-photo-2781540.jpeg?auto=compress&cs=tinysrgb&h=650&w=940
메인,수제쌀요거트,korean food dish,https://images.pexels.com/photos/2781540/pexels-photo-2781540.jpeg?auto=compress&cs=tinysrgb&h=650&w=940
메인,수제쌀요거트(500ml),korean food dish,https://images.pexels.com/photos/2781540/pexels-photo-2781540.jpeg?auto=compress&cs=tinysrgb&h=650&w=940
메인,수제약밥,korean food dish,https://images.pexels.com/photos/2781540/pexels-photo-2781540.jpeg?auto=compress&cs=tinysrgb&h=650&w=940
메인,수제양송이스프,korean soup food,https://images.pexels.com/photos/13085835/pexels-photo-13085835.jpeg?auto=compress&cs=tinysrgb&h=650&w=940
메인,수제왕만두투쁠한우전골,korean korean beef korean dumpling korean hot pot food,https://images.pexels.com/photos/15955380/pexels-photo-15955380.jpeg?auto=compress&cs=tinysrgb&h=650&w=940
메인,수제유기농딸기잼(유기농원당사용),korean food dish,https://images.pexels.com/photos/2781540/pexels-photo-2781540.jpeg?auto=compress&cs=tinysrgb&h=650&w=940
메인,수제유자청무피클,korean yuzu citrus korean radish food,https://images.pexels.com/photos/13085835/pexels-photo-13085835.jpeg?auto=compress&cs=tinysrgb&h=650&w=940
메인,수제치즈볼로제네라자냐,korean lasagna cheese food,https://images.pexels.com/photos/18283713/pexels-photo-18283713.jpeg?auto=compress&cs=tinysrgb&h=650&w=940
메인,수제치킨카츠,korean food dish,https://images.pexels.com/photos/2781540/pexels-photo-2781540.jpeg?auto=compress&cs=tinysrgb&h=650&w=940
메인,수제치킨카츠_국내산,korean korean soup food,https://images.pexels.com/photos/13085835/pexels-photo-13085835.jpeg?auto=compress&cs=tinysrgb&h=650&w=940
메인,수제토마토소스,korean food dish,https://images.pexels.com/photos/2781540/pexels-photo-2781540.jpeg?auto=compress&cs=tinysrgb&h=650&w=940
메인,수제토마토주스,korean food dish,https://images.pexels.com/photos/2781540/pexels-photo-2781540.jpeg?auto=compress&cs=tinysrgb&h=650&w=940
메인,수제토마토주스(1L),korean food dish,https://images.pexels.com/photos/2781540/pexels-photo-2781540.jpeg?auto=compress&cs=tinysrgb&h=650&w=940
메인,수제토마토주스(500ml),korean food dish,https://images.pexels.com/photos/2781540/pexels-photo-2781540.jpeg?auto=compress&cs=tinysrgb&h=650&w=940
메인,수제토마토쥬스(1L),korean food dish,https://images.pexels.com/photos/2781540/pexels-photo-2781540.jpeg?auto=compress&cs=tinysrgb&h=650&w=940
메인,수제파닭꼬치,korean chicken food,https://images.pexels.com/photos/15955380/pexels-photo-15955380.jpeg?auto=compress&cs=tinysrgb&h=650&w=940
메인,수제한돈동그랑땡,korean food dish,https://images.pexels.com/photos/2781540/pexels-photo-2781540.jpeg?auto=compress&cs=tinysrgb&h=650&w=940
메인,수제한돈등심카츠,korean pork loin food,https://images.pexels.com/photos/13085835/pexels-photo-13085835.jpeg?auto=compress&cs=tinysrgb&h=650&w=940
메인,수제한돈치즈롤카츠,korean cheese food,https://images.pexels.com/photos/18283713/pexels-photo-18283713.jpeg?auto=compress&cs=tinysrgb&h=650&w=940
메인,수제한우떡갈비,korean korean grilled short rib patty korean beef short rib food,https://images.pexels.com/photos/36829396/pexels-photo-36829396.jpeg?auto=compress&cs=tinysrgb&h=650&w=940
메인,수제한우함박스테이크,korean steak korean beef food,https://images.pexels.com/photos/36829374/pexels-photo-36829374.jpeg?auto=compress&cs=tinysrgb&h=650&w=940
메인,숙엉게 초장세트,korean crab food,https://images.pexels.com/photos/33939170/pexels-photo-33939170.jpeg?auto=compress&cs=tinysrgb&h=650&w=940
메인,숙주,korean mung bean sprouts food,https://images.pexels.com/photos/2781540/pexels-photo-2781540.jpeg?auto=compress&cs=tinysrgb&h=650&w=940
메인,순두부계란탕,korean tofu egg korean soup food,https://images.pexels.com/photos/2781540/pexels-photo-2781540.jpeg?auto=compress&cs=tinysrgb&h=650&w=940
메인,순두부버섯들깨탕,korean tofu mushroom perilla seed food,https://images.pexels.com/photos/5182122/pexels-photo-5182122.jpeg?auto=compress&cs=tinysrgb&h=650&w=940
메인,순두부장,korean tofu food,https://images.pexels.com/photos/2781540/pexels-photo-2781540.jpeg?auto=compress&cs=tinysrgb&h=650&w=940
메인,순두부황태국,korean tofu dried pollock korean soup food,https://images.pexels.com/photos/13085835/pexels-photo-13085835.jpeg?auto=compress&cs=tinysrgb&h=650&w=940
메인,순살갈비치킨,korean short rib food,https://images.pexels.com/photos/2781540/pexels-photo-2781540.jpeg?auto=compress&cs=tinysrgb&h=650&w=940
메인,순살갈비치킨(간장지코바.국내산),korean short rib food,https://images.pexels.com/photos/2781540/pexels-photo-2781540.jpeg?auto=compress&cs=tinysrgb&h=650&w=940
메인,순살갈비치킨(국내산),korean short rib food,https://images.pexels.com/photos/2781540/pexels-photo-2781540.jpeg?auto=compress&cs=tinysrgb&h=650&w=940
메인,순살갈비치킨(초등가능),korean short rib food,https://images.pexels.com/photos/2781540/pexels-photo-2781540.jpeg?auto=compress&cs=tinysrgb&h=650&w=940
메인,순살갈비치킨+떡사리 (국내산닭다리살),korean short rib rice cake food,https://images.pexels.com/photos/18283713/pexels-photo-18283713.jpeg?auto=compress&cs=tinysrgb&h=650&w=940
메인,순살고등어구이,korean mackerel grilled korean grilled dish food,https://images.pexels.com/photos/28246107/pexels-photo-28246107.jpeg?auto=compress&cs=tinysrgb&h=650&w=940
메인,순살닭강정(국내산),korean korean fried chicken korean sweet crispy glazed chicken food,https://images.pexels.com/photos/18283713/pexels-photo-18283713.jpeg?auto=compress&cs=tinysrgb&h=650&w=940
메인,순살아구찜,korean monkfish korean braised steamed dish food,https://images.pexels.com/photos/15597769/pexels-photo-15597769.jpeg?auto=compress&cs=tinysrgb&h=650&w=940
메인,순살지코바치킨(국내산),korean food dish,https://images.pexels.com/photos/2781540/pexels-photo-2781540.jpeg?auto=compress&cs=tinysrgb&h=650&w=940
메인,숯불간장치킨(국내산),korean food dish,https://images.pexels.com/photos/2781540/pexels-photo-2781540.jpeg?auto=compress&cs=tinysrgb&h=650&w=940
메인,숯불에구운 한돈돼지불백(추천),korean pork food,https://images.pexels.com/photos/13085835/pexels-photo-13085835.jpeg?auto=compress&cs=tinysrgb&h=650&w=940
메인,숯불에구운 한돈제육(추천),korean spicy pork stir fry food,https://images.pexels.com/photos/29631425/pexels-photo-29631425.jpeg?auto=compress&cs=tinysrgb&h=650&w=940
메인,숯불에구운불백(추천),korean food dish,https://images.pexels.com/photos/2781540/pexels-photo-2781540.jpeg?auto=compress&cs=tinysrgb&h=650&w=940
메인,숯불에구운제육(추천),korean spicy pork stir fry food,https://images.pexels.com/photos/29631425/pexels-photo-29631425.jpeg?auto=compress&cs=tinysrgb&h=650&w=940
메인,쉬림프레몬오일파스타,korean pasta food,https://images.pexels.com/photos/18283713/pexels-photo-18283713.jpeg?auto=compress&cs=tinysrgb&h=650&w=940
메인,쉬림프바질페스토파스타,korean pasta food,https://images.pexels.com/photos/18283713/pexels-photo-18283713.jpeg?auto=compress&cs=tinysrgb&h=650&w=940
메인,쉬림프샐러드,korean salad food,https://images.pexels.com/photos/12755998/pexels-photo-12755998.jpeg?auto=compress&cs=tinysrgb&h=650&w=940
메인,쉬림프샐러드5.0.,korean salad food,https://images.pexels.com/photos/12755998/pexels-photo-12755998.jpeg?auto=compress&cs=tinysrgb&h=650&w=940
메인,쉬림프오일파스타(레몬조금),korean pasta food,https://images.pexels.com/photos/18283713/pexels-photo-18283713.jpeg?auto=compress&cs=tinysrgb&h=650&w=940
메인,스웨디시미트볼(국산),korean food dish,https://images.pexels.com/photos/2781540/pexels-photo-2781540.jpeg?auto=compress&cs=tinysrgb&h=650&w=940
메인,스윗포테이토샐러드,korean salad food,https://images.pexels.com/photos/12755998/pexels-photo-12755998.jpeg?auto=compress&cs=tinysrgb&h=650&w=940
메인,시금치,korean spinach food,https://images.pexels.com/photos/2781540/pexels-photo-2781540.jpeg?auto=compress&cs=tinysrgb&h=650&w=940
메인,시금치국,korean spinach korean soup food,https://images.pexels.com/photos/13085835/pexels-photo-13085835.jpeg?auto=compress&cs=tinysrgb&h=650&w=940
메인,시락국,korean korean soup food,https://images.pexels.com/photos/13085835/pexels-photo-13085835.jpeg?auto=compress&cs=tinysrgb&h=650&w=940
메인,시래기된장지짐,korean fermented soybean paste food,https://images.pexels.com/photos/2781540/pexels-photo-2781540.jpeg?auto=compress&cs=tinysrgb&h=650&w=940
메인,시래기된장찜,korean fermented soybean paste korean braised steamed dish food,https://images.pexels.com/photos/2781540/pexels-photo-2781540.jpeg?auto=compress&cs=tinysrgb&h=650&w=940
메인,시래기지짐,korean food dish,https://images.pexels.com/photos/2781540/pexels-photo-2781540.jpeg?auto=compress&cs=tinysrgb&h=650&w=940
메인,시래기지짐이,korean food dish,https://images.pexels.com/photos/2781540/pexels-photo-2781540.jpeg?auto=compress&cs=tinysrgb&h=650&w=940
메인,쑥국,korean mugwort korean soup food,https://images.pexels.com/photos/772518/pexels-photo-772518.png?auto=compress&cs=tinysrgb&h=650&w=940
메인,쑥전,korean mugwort korean savory pancake jeon food,https://images.pexels.com/photos/15955380/pexels-photo-15955380.jpeg?auto=compress&cs=tinysrgb&h=650&w=940
메인,아게다시도후(일식두부튀김),korean crab food,https://images.pexels.com/photos/33939170/pexels-photo-33939170.jpeg?auto=compress&cs=tinysrgb&h=650&w=940
메인,아구불고기,korean monkfish food,https://images.pexels.com/photos/18283713/pexels-photo-18283713.jpeg?auto=compress&cs=tinysrgb&h=650&w=940
메인,아구탕,korean monkfish korean soup food,https://images.pexels.com/photos/13085835/pexels-photo-13085835.jpeg?auto=compress&cs=tinysrgb&h=650&w=940
메인,아란치니,korean food dish,https://images.pexels.com/photos/2781540/pexels-photo-2781540.jpeg?auto=compress&cs=tinysrgb&h=650&w=940
메인,아롱사태냉채,korean cold appetizer salad food,https://images.pexels.com/photos/10839568/pexels-photo-10839568.jpeg?auto=compress&cs=tinysrgb&h=650&w=940
메인,아롱사태전골,korean korean hot pot korean savory pancake jeon food,https://images.pexels.com/photos/15955380/pexels-photo-15955380.jpeg?auto=compress&cs=tinysrgb&h=650&w=940
메인,아롱사태편육냉채,korean cold appetizer salad food,https://images.pexels.com/photos/10839568/pexels-photo-10839568.jpeg?auto=compress&cs=tinysrgb&h=650&w=940
메인,아보카도샐러드,korean avocado salad food,https://images.pexels.com/photos/27327939/pexels-photo-27327939.jpeg?auto=compress&cs=tinysrgb&h=650&w=940
메인,아지추어탕,korean korean soup food,https://images.pexels.com/photos/13085835/pexels-photo-13085835.jpeg?auto=compress&cs=tinysrgb&h=650&w=940
메인,아지추어탕(할인반찬-추천),korean korean soup food,https://images.pexels.com/photos/13085835/pexels-photo-13085835.jpeg?auto=compress&cs=tinysrgb&h=650&w=940
메인,안동찜닭,korean chicken korean braised steamed dish food,https://images.pexels.com/photos/18283713/pexels-photo-18283713.jpeg?auto=compress&cs=tinysrgb&h=650&w=940
메인,안동찜닭(국내산),korean chicken korean braised steamed dish food,https://images.pexels.com/photos/18283713/pexels-photo-18283713.jpeg?auto=compress&cs=tinysrgb&h=650&w=940
메인,안동찜닭(국내산닭),korean chicken korean braised steamed dish food,https://images.pexels.com/photos/18283713/pexels-photo-18283713.jpeg?auto=compress&cs=tinysrgb&h=650&w=940
메인,안동찜닭(반조리.끓이시기만하면됩니당!),korean chicken korean braised steamed dish food,https://images.pexels.com/photos/18283713/pexels-photo-18283713.jpeg?auto=compress&cs=tinysrgb&h=650&w=940
메인,안동찜닭_국내산,korean chicken korean soup korean braised steamed dish food,https://images.pexels.com/photos/13085835/pexels-photo-13085835.jpeg?auto=compress&cs=tinysrgb&h=650&w=940
메인,알감자버터구이,korean potato korean grilled dish butter food,https://images.pexels.com/photos/2781540/pexels-photo-2781540.jpeg?auto=compress&cs=tinysrgb&h=650&w=940
메인,알배추찜,korean napa cabbage korean braised steamed dish food,https://images.pexels.com/photos/12755998/pexels-photo-12755998.jpeg?auto=compress&cs=tinysrgb&h=650&w=940
메인,알찜,korean korean braised steamed dish food,https://images.pexels.com/photos/2781540/pexels-photo-2781540.jpeg?auto=compress&cs=tinysrgb&h=650&w=940
메인,알탕,korean korean soup food,https://images.pexels.com/photos/13085835/pexels-photo-13085835.jpeg?auto=compress&cs=tinysrgb&h=650&w=940
메인,애느타리탕수,korean sweet and sour korean soup food,https://images.pexels.com/photos/13085835/pexels-photo-13085835.jpeg?auto=compress&cs=tinysrgb&h=650&w=940
메인,애플케잌1pc,korean food dish,https://images.pexels.com/photos/2781540/pexels-photo-2781540.jpeg?auto=compress&cs=tinysrgb&h=650&w=940
메인,애호박계란말이,korean egg squash food,https://images.pexels.com/photos/2781540/pexels-photo-2781540.jpeg?auto=compress&cs=tinysrgb&h=650&w=940
메인,애호박새우전,korean shrimp squash korean savory pancake jeon food,https://images.pexels.com/photos/15955380/pexels-photo-15955380.jpeg?auto=compress&cs=tinysrgb&h=650&w=940
메인,애호박전,korean squash korean savory pancake jeon food,https://images.pexels.com/photos/15955380/pexels-photo-15955380.jpeg?auto=compress&cs=tinysrgb&h=650&w=940
메인,애호박채전,korean squash korean savory pancake jeon food,https://images.pexels.com/photos/15955380/pexels-photo-15955380.jpeg?auto=compress&cs=tinysrgb&h=650&w=940
메인,"야끼덮밥키트(밥×,토핑)",korean food dish,https://images.pexels.com/photos/2781540/pexels-photo-2781540.jpeg?auto=compress&cs=tinysrgb&h=650&w=940
메인,야끼덮밥토핑,korean food dish,https://images.pexels.com/photos/2781540/pexels-photo-2781540.jpeg?auto=compress&cs=tinysrgb&h=650&w=940
메인,야끼덮밥토핑(밥×),korean food dish,https://images.pexels.com/photos/2781540/pexels-photo-2781540.jpeg?auto=compress&cs=tinysrgb&h=650&w=940
메인,야재잡채,korean japchae glass noodles food,https://images.pexels.com/photos/15955380/pexels-photo-15955380.jpeg?auto=compress&cs=tinysrgb&h=650&w=940
메인,야채계란말이,korean egg food,https://images.pexels.com/photos/2781540/pexels-photo-2781540.jpeg?auto=compress&cs=tinysrgb&h=650&w=940
메인,야채두부전,korean tofu korean savory pancake jeon food,https://images.pexels.com/photos/15955380/pexels-photo-15955380.jpeg?auto=compress&cs=tinysrgb&h=650&w=940
메인,야채부추전,korean garlic chive korean savory pancake jeon food,https://images.pexels.com/photos/15955380/pexels-photo-15955380.jpeg?auto=compress&cs=tinysrgb&h=650&w=940
메인,야채잡채,korean japchae glass noodles food,https://images.pexels.com/photos/15955380/pexels-photo-15955380.jpeg?auto=compress&cs=tinysrgb&h=650&w=940
메인,야채한돈카레,korean curry food,https://images.pexels.com/photos/18405156/pexels-photo-18405156.jpeg?auto=compress&cs=tinysrgb&h=650&w=940
메인,양념닭강정,korean korean fried chicken korean sweet crispy glazed chicken food,https://images.pexels.com/photos/18283713/pexels-photo-18283713.jpeg?auto=compress&cs=tinysrgb&h=650&w=940
메인,양송이스프,korean soup food,https://images.pexels.com/photos/13085835/pexels-photo-13085835.jpeg?auto=compress&cs=tinysrgb&h=650&w=940
메인,양장피,korean food dish,https://images.pexels.com/photos/2781540/pexels-photo-2781540.jpeg?auto=compress&cs=tinysrgb&h=650&w=940
메인,얼큰감자찌개,korean potato korean stew food,https://images.pexels.com/photos/15955380/pexels-photo-15955380.jpeg?auto=compress&cs=tinysrgb&h=650&w=940
메인,얼큰닭한마리(칼국수o),korean chicken food,https://images.pexels.com/photos/15955380/pexels-photo-15955380.jpeg?auto=compress&cs=tinysrgb&h=650&w=940
메인,얼큰닭한마리칼국수,korean korean knife cut noodle chicken korean soup food,https://images.pexels.com/photos/13085835/pexels-photo-13085835.jpeg?auto=compress&cs=tinysrgb&h=650&w=940
메인,얼큰오징어뭇국,korean squid korean soup food,https://images.pexels.com/photos/18283713/pexels-photo-18283713.jpeg?auto=compress&cs=tinysrgb&h=650&w=940
메인,얼큰한우무국,korean korean beef korean radish korean soup food,https://images.pexels.com/photos/13085835/pexels-photo-13085835.jpeg?auto=compress&cs=tinysrgb&h=650&w=940
메인,얼큰한우뭇국,korean korean beef korean soup food,https://images.pexels.com/photos/13085835/pexels-photo-13085835.jpeg?auto=compress&cs=tinysrgb&h=650&w=940
메인,얼큰해물순두부찌개,korean tofu korean stew food,https://images.pexels.com/photos/2781540/pexels-photo-2781540.jpeg?auto=compress&cs=tinysrgb&h=650&w=940
메인,얼큰황태해장국,korean dried pollock korean soup food,https://images.pexels.com/photos/13085835/pexels-photo-13085835.jpeg?auto=compress&cs=tinysrgb&h=650&w=940
메인,에그마요모닝빵(3pcs),korean food dish,https://images.pexels.com/photos/2781540/pexels-photo-2781540.jpeg?auto=compress&cs=tinysrgb&h=650&w=940
메인,에그마요샐러드,korean salad food,https://images.pexels.com/photos/12755998/pexels-photo-12755998.jpeg?auto=compress&cs=tinysrgb&h=650&w=940
메인,연근들깨샐러드,korean salad lotus root perilla seed food,https://images.pexels.com/photos/5514819/pexels-photo-5514819.jpeg?auto=compress&cs=tinysrgb&h=650&w=940
메인,연근새우전,korean shrimp lotus root korean savory pancake jeon food,https://images.pexels.com/photos/15955380/pexels-photo-15955380.jpeg?auto=compress&cs=tinysrgb&h=650&w=940
메인,연근샐러드,korean salad lotus root food,ERROR
메인,연근표고탕수,korean lotus root sweet and sour korean soup food,ERROR
메인,연어샐러드,korean salad food,https://images.pexels.com/photos/12755998/pexels-photo-12755998.jpeg?auto=compress&cs=tinysrgb&h=650&w=940
메인,"연어스테이크(약200g,수비드반조리,가니쉬,뵈르블랑소스)",korean steak food,https://images.pexels.com/photos/1314041/pexels-photo-1314041.jpeg?auto=compress&cs=tinysrgb&h=650&w=940
메인,연어스테이크_수비드.반조리,korean steak food,https://images.pexels.com/photos/1314041/pexels-photo-1314041.jpeg?auto=compress&cs=tinysrgb&h=650&w=940
메인,연포탕,korean korean soup food,https://images.pexels.com/photos/13085835/pexels-photo-13085835.jpeg?auto=compress&cs=tinysrgb&h=650&w=940
메인,열기구이,korean korean grilled dish food,https://images.pexels.com/photos/2781540/pexels-photo-2781540.jpeg?auto=compress&cs=tinysrgb&h=650&w=940
메인,열기구이8.0.,korean korean grilled dish food,https://images.pexels.com/photos/2781540/pexels-photo-2781540.jpeg?auto=compress&cs=tinysrgb&h=650&w=940
메인,열무자박이,korean korean radish food,https://images.pexels.com/photos/2781540/pexels-photo-2781540.jpeg?auto=compress&cs=tinysrgb&h=650&w=940
메인,열무짜박이,korean korean radish food,https://images.pexels.com/photos/2781540/pexels-photo-2781540.jpeg?auto=compress&cs=tinysrgb&h=650&w=940
메인,오곡밥,korean food dish,https://images.pexels.com/photos/2781540/pexels-photo-2781540.jpeg?auto=compress&cs=tinysrgb&h=650&w=940
메인,오리고추장주물럭,korean korean chili paste duck food,https://images.pexels.com/photos/15955380/pexels-photo-15955380.jpeg?auto=compress&cs=tinysrgb&h=650&w=940
메인,오리고추장주물럭(국내산),korean korean chili paste duck food,https://images.pexels.com/photos/15955380/pexels-photo-15955380.jpeg?auto=compress&cs=tinysrgb&h=650&w=940
메인,오리냉채,korean duck cold appetizer salad food,https://images.pexels.com/photos/10839568/pexels-photo-10839568.jpeg?auto=compress&cs=tinysrgb&h=650&w=940
메인,오리더덕주물럭,korean duck deodeok root food,ERROR
메인,오리불고기,korean duck food,https://images.pexels.com/photos/15955380/pexels-photo-15955380.jpeg?auto=compress&cs=tinysrgb&h=650&w=940
메인,오리불고기(국내산),korean duck food,https://images.pexels.com/photos/15955380/pexels-photo-15955380.jpeg?auto=compress&cs=tinysrgb&h=650&w=940
메인,"오리불고기(국내산,반조리)",korean duck food,https://images.pexels.com/photos/15955380/pexels-photo-15955380.jpeg?auto=compress&cs=tinysrgb&h=650&w=940
메인,오리불고기(국산),korean duck food,https://images.pexels.com/photos/15955380/pexels-photo-15955380.jpeg?auto=compress&cs=tinysrgb&h=650&w=940
메인,"오리불고기(완조리,반조리)",korean duck food,https://images.pexels.com/photos/15955380/pexels-photo-15955380.jpeg?auto=compress&cs=tinysrgb&h=650&w=940
메인,오이냉국,korean korean soup food,https://images.pexels.com/photos/13085835/pexels-photo-13085835.jpeg?auto=compress&cs=tinysrgb&h=650&w=940
메인,오이미역냉국,korean korean soup food,https://images.pexels.com/photos/13085835/pexels-photo-13085835.jpeg?auto=compress&cs=tinysrgb&h=650&w=940
메인,오이탕탕이,korean korean soup food,https://images.pexels.com/photos/13085835/pexels-photo-13085835.jpeg?auto=compress&cs=tinysrgb&h=650&w=940
메인,오징어두부매운탕,korean squid tofu korean soup food,ERROR
메인,오징어땡초부추전(반조리),korean squid garlic chive korean savory pancake jeon food,ERROR
메인,오징어땡초부추전(완조리),korean squid garlic chive korean savory pancake jeon food,ERROR
메인,오징어뭇국,korean squid korean soup food,https://images.pexels.com/photos/18283713/pexels-photo-18283713.jpeg?auto=compress&cs=tinysrgb&h=650&w=940
메인,오징어미나리부추전,korean squid water dropwort garlic chive food,ERROR
메인,오징어미나리전,korean squid water dropwort korean savory pancake jeon food,ERROR
메인,오징어미나리추전,korean squid water dropwort korean savory pancake jeon food,ERROR
메인,오징어볶음,korean squid korean stir fry food,ERROR
메인,오징어부추전,korean squid garlic chive korean savory pancake jeon food,ERROR
메인,오징어부추전(반조리),korean squid garlic chive korean savory pancake jeon food,ERROR
메인,오징어브로콜리숙회,korean squid food,https://images.pexels.com/photos/15801007/pexels-photo-15801007.jpeg?auto=compress&cs=tinysrgb&h=650&w=940
메인,오징어숙회,korean squid food,https://images.pexels.com/photos/15801007/pexels-photo-15801007.jpeg?auto=compress&cs=tinysrgb&h=650&w=940
메인,오징어숙회(먹물초장),korean squid food,https://images.pexels.com/photos/15801007/pexels-photo-15801007.jpeg?auto=compress&cs=tinysrgb&h=650&w=940
메인,오징어순대,korean squid food,https://images.pexels.com/photos/15801007/pexels-photo-15801007.jpeg?auto=compress&cs=tinysrgb&h=650&w=940
메인,오징어홍합땡초부추전(반조리),korean squid mussel garlic chive food,ERROR
메인,와인소스부채살찹스테이크,korean steak food,https://images.pexels.com/photos/1314041/pexels-photo-1314041.jpeg?auto=compress&cs=tinysrgb&h=650&w=940
메인,왕만두한우불고기전골,korean korean beef korean dumpling korean hot pot food,https://images.pexels.com/photos/15955380/pexels-photo-15955380.jpeg?auto=compress&cs=tinysrgb&h=650&w=940
메인,우렁강된장쌈세트,korean thick soybean paste stew fermented soybean paste food,https://images.pexels.com/photos/2781540/pexels-photo-2781540.jpeg?auto=compress&cs=tinysrgb&h=650&w=940
메인,우삼겹된장찌개,korean pork belly fermented soybean paste korean stew food,ERROR
메인,우삼겹하이라이스,korean pork belly food,ERROR
메인,우엉들깨샐러드,korean salad burdock root perilla seed food,ERROR
메인,우엉들깨솥밥,korean burdock root korean pot rice perilla seed food,ERROR
메인,우엉샐러드,korean salad burdock root food,ERROR
메인,우엉솥밥,korean burdock root korean pot rice food,ERROR
메인,우엉솥밥+양념장,korean burdock root korean pot rice food,ERROR
메인,우엉솥밥달래장,korean burdock root korean pot rice food,ERROR
메인,우엉잡채,korean burdock root japchae glass noodles food,https://images.pexels.com/photos/13085835/pexels-photo-13085835.jpeg?auto=compress&cs=tinysrgb&h=650&w=940
메인,우엉통들깨솥밥_2인,korean burdock root korean pot rice perilla seed food,ERROR
메인,윙봉데리야끼강정(국산),korean teriyaki korean sweet crispy glazed food,ERROR
메인,윙봉치킨(교촌st.국내산),korean food dish,https://images.pexels.com/photos/2781540/pexels-photo-2781540.jpeg?auto=compress&cs=tinysrgb&h=650&w=940
메인,유린기,korean food dish,https://images.pexels.com/photos/2781540/pexels-photo-2781540.jpeg?auto=compress&cs=tinysrgb&h=650&w=940
메인,유린기(국내산),korean food dish,https://images.pexels.com/photos/2781540/pexels-photo-2781540.jpeg?auto=compress&cs=tinysrgb&h=650&w=940
메인,유린기(국내산닭),korean food dish,https://images.pexels.com/photos/2781540/pexels-photo-2781540.jpeg?auto=compress&cs=tinysrgb&h=650&w=940
메인,유린기(국산닭가슴살),korean food dish,https://images.pexels.com/photos/2781540/pexels-photo-2781540.jpeg?auto=compress&cs=tinysrgb&h=650&w=940
메인,유린기(닭_국내산),korean food dish,https://images.pexels.com/photos/2781540/pexels-photo-2781540.jpeg?auto=compress&cs=tinysrgb&h=650&w=940
메인,유부야채말이,korean food dish,https://images.pexels.com/photos/2781540/pexels-photo-2781540.jpeg?auto=compress&cs=tinysrgb&h=650&w=940
메인,"유부초밥(완제품,4pcs)",korean inari sushi food,https://images.pexels.com/photos/14469273/pexels-photo-14469273.jpeg?auto=compress&cs=tinysrgb&h=650&w=940
메인,유부초밥3p,korean inari sushi food,https://images.pexels.com/photos/14469273/pexels-photo-14469273.jpeg?auto=compress&cs=tinysrgb&h=650&w=940
메인,유채꽃감자전,korean potato korean savory pancake jeon food,https://images.pexels.com/photos/15955380/pexels-photo-15955380.jpeg?auto=compress&cs=tinysrgb&h=650&w=940
메인,익힌깻잎절임,korean food dish,https://images.pexels.com/photos/2781540/pexels-photo-2781540.jpeg?auto=compress&cs=tinysrgb&h=650&w=940
메인,일식계란말이,korean egg food,https://images.pexels.com/photos/2781540/pexels-photo-2781540.jpeg?auto=compress&cs=tinysrgb&h=650&w=940
메인,임연수어구이,korean korean grilled dish food,https://images.pexels.com/photos/2781540/pexels-photo-2781540.jpeg?auto=compress&cs=tinysrgb&h=650&w=940
메인,자반고등어2마리,korean mackerel grilled food,ERROR
메인,전3종(애호박전.분홍소세지.가지전),korean korean savory pancake jeon food,https://images.pexels.com/photos/15955380/pexels-photo-15955380.jpeg?auto=compress&cs=tinysrgb&h=650&w=940
메인,전복죽,korean abalone korean rice porridge korean savory pancake jeon food,ERROR
메인,제육볶음(반조리),korean spicy pork stir fry korean stir fry food,ERROR
메인,제육볶음키트(반조리),korean spicy pork stir fry korean stir fry food,ERROR
메인,조개달래된장찌개,korean clam fermented soybean paste korean stew food,ERROR
메인,조개미역국,korean clam korean soup food,ERROR
메인,조개살미역국,korean clam korean soup food,ERROR
메인,조갯살미역국,korean korean soup food,https://images.pexels.com/photos/13085835/pexels-photo-13085835.jpeg?auto=compress&cs=tinysrgb&h=650&w=940
메인,조기구이(큽니당),korean korean grilled dish food,https://images.pexels.com/photos/2781540/pexels-photo-2781540.jpeg?auto=compress&cs=tinysrgb&h=650&w=940
메인,지리멸치,korean food dish,https://images.pexels.com/photos/2781540/pexels-photo-2781540.jpeg?auto=compress&cs=tinysrgb&h=650&w=940
메인,지코바순살치킨(국내산),korean food dish,https://images.pexels.com/photos/2781540/pexels-photo-2781540.jpeg?auto=compress&cs=tinysrgb&h=650&w=940
메인,지코바치킨(국내산),korean food dish,https://images.pexels.com/photos/2781540/pexels-photo-2781540.jpeg?auto=compress&cs=tinysrgb&h=650&w=940
메인,직화돼지불백(국산),korean pork food,https://images.pexels.com/photos/13085835/pexels-photo-13085835.jpeg?auto=compress&cs=tinysrgb&h=650&w=940
메인,집코바치킨,korean food dish,https://images.pexels.com/photos/2781540/pexels-photo-2781540.jpeg?auto=compress&cs=tinysrgb&h=650&w=940
메인,집코바치킨(국내산닭다리살),korean food dish,https://images.pexels.com/photos/2781540/pexels-photo-2781540.jpeg?auto=compress&cs=tinysrgb&h=650&w=940
메인,쭈꾸미볶음,korean korean stir fry food,ERROR
메인,쭈꾸미볶음+콩나물,korean bean sprouts korean stir fry food,ERROR
메인,차돌된장찌개,korean fermented soybean paste korean stew food,https://images.pexels.com/photos/2781540/pexels-photo-2781540.jpeg?auto=compress&cs=tinysrgb&h=650&w=940
메인,차슈닭갈비(국내산),korean short rib chicken food,https://images.pexels.com/photos/15955380/pexels-photo-15955380.jpeg?auto=compress&cs=tinysrgb&h=650&w=940
메인,차슈닭갈비(국내산)9.0.,korean short rib chicken food,https://images.pexels.com/photos/15955380/pexels-photo-15955380.jpeg?auto=compress&cs=tinysrgb&h=650&w=940
메인,"채끝등심스테이크(약250g,수비드반조리,가니쉬,당근퓨레,레드와인라벤더소스,말돈소금)",korean steak pork loin food,https://images.pexels.com/photos/36850022/pexels-photo-36850022.jpeg?auto=compress&cs=tinysrgb&h=650&w=940
메인,청경채샐러드,korean salad food,https://images.pexels.com/photos/12755998/pexels-photo-12755998.jpeg?auto=compress&cs=tinysrgb&h=650&w=940
메인,청국장찌개,korean korean stew korean soup food,https://images.pexels.com/photos/13085835/pexels-photo-13085835.jpeg?auto=compress&cs=tinysrgb&h=650&w=940
메인,청송식닭불고기,korean chicken food,https://images.pexels.com/photos/15955380/pexels-photo-15955380.jpeg?auto=compress&cs=tinysrgb&h=650&w=940
메인,청포묵구이,korean korean grilled dish food,https://images.pexels.com/photos/2781540/pexels-photo-2781540.jpeg?auto=compress&cs=tinysrgb&h=650&w=940
메인,춘천닭갈비,korean short rib chicken food,https://images.pexels.com/photos/15955380/pexels-photo-15955380.jpeg?auto=compress&cs=tinysrgb&h=650&w=940
메인,춘천닭갈비(국내산),korean short rib chicken food,https://images.pexels.com/photos/15955380/pexels-photo-15955380.jpeg?auto=compress&cs=tinysrgb&h=650&w=940
메인,춘천닭갈비_국내산,korean short rib chicken korean soup food,https://images.pexels.com/photos/13085835/pexels-photo-13085835.jpeg?auto=compress&cs=tinysrgb&h=650&w=940
메인,충무김밥,korean kimbap rice roll korean radish food,ERROR
메인,"충무김밥(6개,완제품)",korean kimbap rice roll korean radish food,ERROR
메인,치아바타불고기샌드위치,korean sandwich food,https://images.pexels.com/photos/6416558/pexels-photo-6416558.jpeg?auto=compress&cs=tinysrgb&h=650&w=940
메인,치즈라구라자냐,korean lasagna cheese food,https://images.pexels.com/photos/18283713/pexels-photo-18283713.jpeg?auto=compress&cs=tinysrgb&h=650&w=940
메인,치즈불닭,korean cheese chicken food,ERROR
메인,"치즈불닭(국내산,맵기-진라면 중간맛정도)",korean cheese chicken food,ERROR
메인,치즈불닭(신라면맵기),korean cheese chicken food,ERROR
메인,"치킨가츠동(밥포함,간편식)",korean food dish,https://images.pexels.com/photos/2781540/pexels-photo-2781540.jpeg?auto=compress&cs=tinysrgb&h=650&w=940
메인,치킨카츠,korean food dish,https://images.pexels.com/photos/2781540/pexels-photo-2781540.jpeg?auto=compress&cs=tinysrgb&h=650&w=940
메인,치킨카츠(국내산),korean food dish,https://images.pexels.com/photos/2781540/pexels-photo-2781540.jpeg?auto=compress&cs=tinysrgb&h=650&w=940
메인,치킨카츠_국내산,korean korean soup food,https://images.pexels.com/photos/13085835/pexels-photo-13085835.jpeg?auto=compress&cs=tinysrgb&h=650&w=940
메인,치킨카츠동(1인분.밥o),korean food dish,https://images.pexels.com/photos/2781540/pexels-photo-2781540.jpeg?auto=compress&cs=tinysrgb&h=650&w=940
메인,치킨카츠동(2인분.밥o),korean food dish,https://images.pexels.com/photos/2781540/pexels-photo-2781540.jpeg?auto=compress&cs=tinysrgb&h=650&w=940
메인,치킨카츠동(밥O.2인분),korean food dish,https://images.pexels.com/photos/2781540/pexels-photo-2781540.jpeg?auto=compress&cs=tinysrgb&h=650&w=940
메인,치킨크림스튜,korean food dish,https://images.pexels.com/photos/2781540/pexels-photo-2781540.jpeg?auto=compress&cs=tinysrgb&h=650&w=940
메인,칠리새우,korean shrimp food,https://images.pexels.com/photos/8697543/pexels-photo-8697543.jpeg?auto=compress&cs=tinysrgb&h=650&w=940
메인,칼라마리(지중해식_오징어튀김),korean food dish,https://images.pexels.com/photos/2781540/pexels-photo-2781540.jpeg?auto=compress&cs=tinysrgb&h=650&w=940
메인,케이준샐러드,korean salad food,https://images.pexels.com/photos/12755998/pexels-photo-12755998.jpeg?auto=compress&cs=tinysrgb&h=650&w=940
메인,코다리 두부찌개,korean dried pollock braised tofu korean stew food,ERROR
메인,코다리강정,korean dried pollock braised korean sweet crispy glazed food,ERROR
메인,코다리찜,korean dried pollock braised korean braised steamed dish food,ERROR
메인,코브샐러드,korean salad food,https://images.pexels.com/photos/12755998/pexels-photo-12755998.jpeg?auto=compress&cs=tinysrgb&h=650&w=940
메인,코울슬로,korean food dish,https://images.pexels.com/photos/2781540/pexels-photo-2781540.jpeg?auto=compress&cs=tinysrgb&h=650&w=940
메인,콜슬로,korean food dish,https://images.pexels.com/photos/2781540/pexels-photo-2781540.jpeg?auto=compress&cs=tinysrgb&h=650&w=940
메인,콥샐러드,korean salad food,https://images.pexels.com/photos/12755998/pexels-photo-12755998.jpeg?auto=compress&cs=tinysrgb&h=650&w=940
메인,콩가루쑥국,korean mugwort korean soup food,https://images.pexels.com/photos/772518/pexels-photo-772518.png?auto=compress&cs=tinysrgb&h=650&w=940
메인,콩나물잡채,korean bean sprouts japchae glass noodles food,https://images.pexels.com/photos/13085835/pexels-photo-13085835.jpeg?auto=compress&cs=tinysrgb&h=650&w=940
메인,콩비지찌개,korean korean stew food,https://images.pexels.com/photos/15955380/pexels-photo-15955380.jpeg?auto=compress&cs=tinysrgb&h=650&w=940
메인,크림치킨스튜(국내산),korean food dish,https://images.pexels.com/photos/2781540/pexels-photo-2781540.jpeg?auto=compress&cs=tinysrgb&h=650&w=940
메인,"클래식 라자냐(수제토마토소스,한우,99프로모짜렐라,베샤멜)",korean lasagna food,https://images.pexels.com/photos/15955380/pexels-photo-15955380.jpeg?auto=compress&cs=tinysrgb&h=650&w=940
메인,클럽샌드위치,korean sandwich food,https://images.pexels.com/photos/6416558/pexels-photo-6416558.jpeg?auto=compress&cs=tinysrgb&h=650&w=940
메인,탕평채,korean korean soup food,https://images.pexels.com/photos/13085835/pexels-photo-13085835.jpeg?auto=compress&cs=tinysrgb&h=650&w=940
메인,토핑뚱유부초밥(6p),korean inari sushi food,https://images.pexels.com/photos/14469273/pexels-photo-14469273.jpeg?auto=compress&cs=tinysrgb&h=650&w=940
메인,통들깨멸치,korean perilla seed food,https://images.pexels.com/photos/15955380/pexels-photo-15955380.jpeg?auto=compress&cs=tinysrgb&h=650&w=940
메인,"통들깨우엉솥밥_2인,양념장",korean burdock root korean pot rice perilla seed food,ERROR
메인,통삼겹오렌지소스바베큐,korean pork belly food,ERROR
메인,투쁠한우바싹불고기,korean korean beef food,https://images.pexels.com/photos/2781540/pexels-photo-2781540.jpeg?auto=compress&cs=tinysrgb&h=650&w=940
메인,투쁠한우육수불고기,korean korean beef food,https://images.pexels.com/photos/2781540/pexels-photo-2781540.jpeg?auto=compress&cs=tinysrgb&h=650&w=940
메인,파닭꼬지,korean chicken food,https://images.pexels.com/photos/15955380/pexels-photo-15955380.jpeg?auto=compress&cs=tinysrgb&h=650&w=940
메인,파스타샐러드,korean pasta salad food,https://images.pexels.com/photos/37540181/pexels-photo-37540181.jpeg?auto=compress&cs=tinysrgb&h=650&w=940
메인,팽이계란맛살전,korean egg korean savory pancake jeon food,https://images.pexels.com/photos/15955380/pexels-photo-15955380.jpeg?auto=compress&cs=tinysrgb&h=650&w=940
메인,팽이계란전,korean egg korean savory pancake jeon food,https://images.pexels.com/photos/15955380/pexels-photo-15955380.jpeg?auto=compress&cs=tinysrgb&h=650&w=940
메인,표고강정,korean korean sweet crispy glazed food,https://images.pexels.com/photos/18283713/pexels-photo-18283713.jpeg?auto=compress&cs=tinysrgb&h=650&w=940
메인,표고버섯탕수,korean mushroom sweet and sour korean soup food,https://images.pexels.com/photos/8580433/pexels-photo-8580433.jpeg?auto=compress&cs=tinysrgb&h=650&w=940
메인,표고탕수,korean sweet and sour korean soup food,https://images.pexels.com/photos/13085835/pexels-photo-13085835.jpeg?auto=compress&cs=tinysrgb&h=650&w=940
메인,한방삼계탕(11호.큽니당!),korean korean soup food,https://images.pexels.com/photos/13085835/pexels-photo-13085835.jpeg?auto=compress&cs=tinysrgb&h=650&w=940
메인,해물된장뚝배기,korean fermented soybean paste food,https://images.pexels.com/photos/2781540/pexels-photo-2781540.jpeg?auto=compress&cs=tinysrgb&h=650&w=940
메인,해물된장뚝배기8.0.,korean fermented soybean paste food,https://images.pexels.com/photos/2781540/pexels-photo-2781540.jpeg?auto=compress&cs=tinysrgb&h=650&w=940
메인,해물된장찌개,korean fermented soybean paste korean stew food,https://images.pexels.com/photos/2781540/pexels-photo-2781540.jpeg?auto=compress&cs=tinysrgb&h=650&w=940
메인,해물백짬뽕탕,korean spicy seafood noodle soup korean soup food,ERROR
메인,해물부추전,korean garlic chive korean savory pancake jeon food,https://images.pexels.com/photos/15955380/pexels-photo-15955380.jpeg?auto=compress&cs=tinysrgb&h=650&w=940
메인,해물순두부찌개,korean tofu korean stew food,https://images.pexels.com/photos/2781540/pexels-photo-2781540.jpeg?auto=compress&cs=tinysrgb&h=650&w=940
메인,해물야끼덮밥,korean food dish,https://images.pexels.com/photos/2781540/pexels-photo-2781540.jpeg?auto=compress&cs=tinysrgb&h=650&w=940
메인,해물야끼덮밥토핑,korean food dish,https://images.pexels.com/photos/2781540/pexels-photo-2781540.jpeg?auto=compress&cs=tinysrgb&h=650&w=940
메인,해물지중해식파스타샐러드,korean pasta salad food,https://images.pexels.com/photos/37540181/pexels-photo-37540181.jpeg?auto=compress&cs=tinysrgb&h=650&w=940
메인,해물짬뽕탕,korean spicy seafood noodle soup korean soup food,ERROR
메인,해물찜,korean korean braised steamed dish food,https://images.pexels.com/photos/2781540/pexels-photo-2781540.jpeg?auto=compress&cs=tinysrgb&h=650&w=940
메인,"해물탕(전복,홍합,백고동,백합,생합,게,새우)",korean korean soup food,https://images.pexels.com/photos/13085835/pexels-photo-13085835.jpeg?auto=compress&cs=tinysrgb&h=650&w=940
메인,해물파전,korean korean savory pancake jeon food,https://images.pexels.com/photos/15955380/pexels-photo-15955380.jpeg?auto=compress&cs=tinysrgb&h=650&w=940
메인,햄치즈샌드위치,korean sandwich cheese food,ERROR
메인,호박고추장찌개,korean korean chili paste squash korean stew food,ERROR
메인,호박전(반조리),korean squash korean savory pancake jeon food,https://images.pexels.com/photos/15955380/pexels-photo-15955380.jpeg?auto=compress&cs=tinysrgb&h=650&w=940
메인,호박전_비조리,korean squash korean savory pancake jeon food,https://images.pexels.com/photos/15955380/pexels-photo-15955380.jpeg?auto=compress&cs=tinysrgb&h=650&w=940
메인,호박전반죽,korean squash korean rice porridge korean savory pancake jeon food,ERROR
메인,호박죽,korean squash korean rice porridge food,https://images.pexels.com/photos/15820609/pexels-photo-15820609.jpeg?auto=compress&cs=tinysrgb&h=650&w=940
메인,호박죽(이번해마지막),korean squash korean rice porridge food,https://images.pexels.com/photos/15820609/pexels-photo-15820609.jpeg?auto=compress&cs=tinysrgb&h=650&w=940
메인,홍가리비찜,korean korean braised steamed dish food,https://images.pexels.com/photos/2781540/pexels-photo-2781540.jpeg?auto=compress&cs=tinysrgb&h=650&w=940
메인,홍합살박국,korean mussel korean soup food,ERROR
메인,홍합탕,korean mussel korean soup food,ERROR
메인,활꽃게탕,korean crab korean soup food,https://images.pexels.com/photos/15955380/pexels-photo-15955380.jpeg?auto=compress&cs=tinysrgb&h=650&w=940
메인,황태곰탕,korean dried pollock korean soup food,https://images.pexels.com/photos/13085835/pexels-photo-13085835.jpeg?auto=compress&cs=tinysrgb&h=650&w=940
메인,황태구이,korean dried pollock korean grilled dish food,ERROR
메인,황태국,korean dried pollock korean soup food,https://images.pexels.com/photos/13085835/pexels-photo-13085835.jpeg?auto=compress&cs=tinysrgb&h=650&w=940
메인,황태순두부국,korean tofu dried pollock korean soup food,https://images.pexels.com/photos/13085835/pexels-photo-13085835.jpeg?auto=compress&cs=tinysrgb&h=650&w=940
메인,황태양념구이,korean dried pollock korean grilled dish food,ERROR
메인,"후토마키(계란,새우튀김,크레미,유부,오이,박고지)",korean food dish,https://images.pexels.com/photos/2781540/pexels-photo-2781540.jpeg?auto=compress&cs=tinysrgb&h=650&w=940
메인,훈제오리냉채,korean duck cold appetizer salad food,https://images.pexels.com/photos/10839568/pexels-photo-10839568.jpeg?auto=compress&cs=tinysrgb&h=650&w=940
메인,훈제오리무쌈,korean duck korean radish food,ERROR
메인,훈제오리무쌈말이,korean duck korean radish food,ERROR
메인,훈제오리샐러드,korean salad duck food,ERROR
한우,간장두부조림,korean tofu korean braised dish food,https://images.pexels.com/photos/2781540/pexels-photo-2781540.jpeg?auto=compress&cs=tinysrgb&h=650&w=940
한우,곰탕(한우고기o.2인분),korean korean soup food,https://images.pexels.com/photos/13085835/pexels-photo-13085835.jpeg?auto=compress&cs=tinysrgb&h=650&w=940
한우,궁중떡볶이,korean tteokbokki rice cake rice cake food,ERROR
한우,냉이된장찌개(2인분.완조리),korean shepherd's purse fermented soybean paste korean stew food,https://images.pexels.com/photos/2781540/pexels-photo-2781540.jpeg?auto=compress&cs=tinysrgb&h=650&w=940
한우,동래파전,korean korean savory pancake jeon food,https://images.pexels.com/photos/15955380/pexels-photo-15955380.jpeg?auto=compress&cs=tinysrgb&h=650&w=940
한우,된장찌개,korean fermented soybean paste korean stew food,https://images.pexels.com/photos/2781540/pexels-photo-2781540.jpeg?auto=compress&cs=tinysrgb&h=650&w=940
한우,두부간장조림,korean soy braised beef tofu korean braised dish food,ERROR
한우,두부구이,korean tofu korean grilled dish food,ERROR
한우,두부전골,korean tofu korean hot pot korean savory pancake jeon food,ERROR
한우,두부전골밀키트,korean meal kit tofu korean hot pot food,ERROR
한우,두부조림,korean tofu korean braised dish food,https://images.pexels.com/photos/2781540/pexels-photo-2781540.jpeg?auto=compress&cs=tinysrgb&h=650&w=940
한우,등촌샤브밀키트,korean meal kit food,ERROR
한우,등촌샤브밀키트_칼국수사리,korean korean knife cut noodle meal kit korean soup food,ERROR
한우,등촌샤브칼국수밀키트,korean korean knife cut noodle meal kit korean soup food,ERROR
한우,떡갈비,korean korean grilled short rib patty short rib rice cake food,ERROR
한우,떡갈비(돼지고기도있어요),korean korean grilled short rib patty short rib rice cake food,ERROR
한우,맑은국,korean korean soup food,https://images.pexels.com/photos/13085835/pexels-photo-13085835.jpeg?auto=compress&cs=tinysrgb&h=650&w=940
한우,맑은뭇국,korean korean soup food,https://images.pexels.com/photos/13085835/pexels-photo-13085835.jpeg?auto=compress&cs=tinysrgb&h=650&w=940
한우,맑은탕국,korean korean soup food,https://images.pexels.com/photos/13085835/pexels-photo-13085835.jpeg?auto=compress&cs=tinysrgb&h=650&w=940
한우,뭇국,korean korean soup food,https://images.pexels.com/photos/13085835/pexels-photo-13085835.jpeg?auto=compress&cs=tinysrgb&h=650&w=940
한우,미역국,korean korean soup food,https://images.pexels.com/photos/13085835/pexels-photo-13085835.jpeg?auto=compress&cs=tinysrgb&h=650&w=940
한우,미트로프(2개),korean beef dish,ERROR
한우,밀푀유전골,korean korean hot pot korean savory pancake jeon food,https://images.pexels.com/photos/15955380/pexels-photo-15955380.jpeg?auto=compress&cs=tinysrgb&h=650&w=940
한우,바싹불고기,korean beef dish,ERROR
한우,배추국,korean napa cabbage korean soup food,https://images.pexels.com/photos/13085835/pexels-photo-13085835.jpeg?auto=compress&cs=tinysrgb&h=650&w=940
한우,버섯불고기,korean mushroom food,ERROR
한우,버섯불고기밀키트,korean meal kit mushroom food,ERROR
한우,버섯불고기전골밀키트,korean meal kit mushroom korean hot pot food,ERROR
한우,버섯전골밀키트,korean meal kit mushroom korean hot pot food,ERROR
한우,부추말이전골키트,korean garlic chive korean hot pot korean savory pancake jeon food,ERROR
한우,부추말이찜밀키트,korean meal kit garlic chive korean braised steamed dish food,ERROR
한우,부추손말이 밀키트,korean meal kit garlic chive food,ERROR
한우,불고기,korean beef dish,ERROR
한우,불고기(완/비조리),korean beef dish,ERROR
한우,불고기낙지전골,korean octopus korean hot pot korean savory pancake jeon food,ERROR
한우,불고기버섯전골밀키트,korean meal kit mushroom korean hot pot food,ERROR
한우,불고기샐러드,korean salad food,https://images.pexels.com/photos/12755998/pexels-photo-12755998.jpeg?auto=compress&cs=tinysrgb&h=650&w=940
한우,불고기왕만두전골,korean korean dumpling korean hot pot korean savory pancake jeon food,ERROR
한우,불고기잡채,korean japchae glass noodles food,https://images.pexels.com/photos/15955380/pexels-photo-15955380.jpeg?auto=compress&cs=tinysrgb&h=650&w=940
한우,불낙전골,korean korean hot pot korean savory pancake jeon food,https://images.pexels.com/photos/15955380/pexels-photo-15955380.jpeg?auto=compress&cs=tinysrgb&h=650&w=940
한우,불낙전골밀키트,korean meal kit korean hot pot korean savory pancake jeon food,ERROR
한우,사태찜,korean korean braised steamed dish food,https://images.pexels.com/photos/2781540/pexels-photo-2781540.jpeg?auto=compress&cs=tinysrgb&h=650&w=940
한우,사태찜(300그람),korean korean braised steamed dish food,https://images.pexels.com/photos/2781540/pexels-photo-2781540.jpeg?auto=compress&cs=tinysrgb&h=650&w=940
한우,소고기뭇국,korean beef korean soup food,https://images.pexels.com/photos/13085835/pexels-photo-13085835.jpeg?auto=compress&cs=tinysrgb&h=650&w=940
한우,소고기미역국,korean beef korean soup food,https://images.pexels.com/photos/13085835/pexels-photo-13085835.jpeg?auto=compress&cs=tinysrgb&h=650&w=940
한우,소고기우거지해장국,korean beef korean soup food,https://images.pexels.com/photos/13085835/pexels-photo-13085835.jpeg?auto=compress&cs=tinysrgb&h=650&w=940
한우,소고기잡채,korean beef japchae glass noodles food,ERROR
한우,소고기장조림,korean beef soy braised beef korean braised dish food,ERROR
한우,소보로비빔밥,korean bibimbap food,https://images.pexels.com/photos/15955380/pexels-photo-15955380.jpeg?auto=compress&cs=tinysrgb&h=650&w=940
한우,소찌개밀키트,korean meal kit korean stew food,ERROR
한우,소찌개밀키트 15. 0.,korean meal kit korean stew food,ERROR
한우,수제떡갈비,korean korean grilled short rib patty short rib rice cake food,ERROR
한우,수제미트로프,korean beef dish,ERROR
한우,수제함박(페퍼콘소스),korean beef dish,ERROR
한우,수제함박스테이크,korean steak food,https://images.pexels.com/photos/1314041/pexels-photo-1314041.jpeg?auto=compress&cs=tinysrgb&h=650&w=940
한우,스웨디시미트볼,korean beef dish,ERROR
한우,스키야키밀키트,korean meal kit food,ERROR
한우,스키야키전골밀키트,korean meal kit korean hot pot korean savory pancake jeon food,ERROR
한우,시래기해장국,korean korean soup food,https://images.pexels.com/photos/13085835/pexels-photo-13085835.jpeg?auto=compress&cs=tinysrgb&h=650&w=940
한우,쌀국수밀키트,korean meal kit korean soup food,https://images.pexels.com/photos/13085835/pexels-photo-13085835.jpeg?auto=compress&cs=tinysrgb&h=650&w=940
한우,쌀국수밀키트(수제육수),korean meal kit korean soup food,https://images.pexels.com/photos/13085835/pexels-photo-13085835.jpeg?auto=compress&cs=tinysrgb&h=650&w=940
한우,야채말이밀키트,korean meal kit food,ERROR
한우,야채볶음밥,korean korean stir fry food,ERROR
한우,야채죽,korean korean rice porridge food,https://images.pexels.com/photos/18283713/pexels-photo-18283713.jpeg?auto=compress&cs=tinysrgb&h=650&w=940
한우,얼큰뭇국,korean korean soup food,https://images.pexels.com/photos/13085835/pexels-photo-13085835.jpeg?auto=compress&cs=tinysrgb&h=650&w=940
한우,얼큰뭇국(할인반찬),korean korean soup food,https://images.pexels.com/photos/13085835/pexels-photo-13085835.jpeg?auto=compress&cs=tinysrgb&h=650&w=940
한우,얼큰버섯전골밀키트(고기👍),korean meal kit mushroom korean hot pot food,ERROR
한우,얼큰소고기뭇국,korean beef korean soup food,https://images.pexels.com/photos/13085835/pexels-photo-13085835.jpeg?auto=compress&cs=tinysrgb&h=650&w=940
한우,얼큰소찌개밀키트,korean meal kit korean stew food,ERROR
한우,얼큰콩나물국,korean bean sprouts korean soup food,ERROR
한우,왕만두불고기전골,korean korean dumpling korean hot pot korean savory pancake jeon food,ERROR
한우,왕만두전골,korean korean dumpling korean hot pot korean savory pancake jeon food,ERROR
한우,왕만두전골밀키트,korean meal kit korean dumpling korean hot pot food,ERROR
한우,우거지해장국,korean korean soup food,https://images.pexels.com/photos/13085835/pexels-photo-13085835.jpeg?auto=compress&cs=tinysrgb&h=650&w=940
한우,육개장,korean beef dish,ERROR
한우,육개장(1.5~2인분),korean beef dish,ERROR
한우,육수불고기,korean beef dish,ERROR
한우,육수불고기(2+),korean beef dish,ERROR
한우,육수불고기(반조리),korean beef dish,ERROR
한우,육수불고기(비조리),korean beef dish,ERROR
한우,육전,korean beef pancake korean savory pancake jeon food,ERROR
한우,육전+야채무침,korean beef pancake korean seasoned salad korean radish food,ERROR
한우,잡채,korean japchae glass noodles food,https://images.pexels.com/photos/15955380/pexels-photo-15955380.jpeg?auto=compress&cs=tinysrgb&h=650&w=940
한우,장조림,korean soy braised beef korean braised dish food,ERROR
한우,장터국밥,korean korean soup food,https://images.pexels.com/photos/13085835/pexels-photo-13085835.jpeg?auto=compress&cs=tinysrgb&h=650&w=940
한우,콩나물표고솥밥,korean bean sprouts korean pot rice food,ERROR
한우,퀘사디아밀키트,korean meal kit food,ERROR
한우,탕국,korean korean soup food,https://images.pexels.com/photos/13085835/pexels-photo-13085835.jpeg?auto=compress&cs=tinysrgb&h=650&w=940
한우,투쁠모듬버섯전골,korean mushroom korean hot pot korean savory pancake jeon food,https://images.pexels.com/photos/15955380/pexels-photo-15955380.jpeg?auto=compress&cs=tinysrgb&h=650&w=940
한우,투쁠모듬버섯전골키트,korean mushroom korean hot pot korean savory pancake jeon food,https://images.pexels.com/photos/15955380/pexels-photo-15955380.jpeg?auto=compress&cs=tinysrgb&h=650&w=940
한우,투쁠바싹불고기,korean beef dish,ERROR
한우,투쁠불고기,korean beef dish,ERROR
한우,투쁠서울식불고기,korean beef dish,ERROR
한우,투쁠육수불고기,korean beef dish,ERROR
한우,투플불고기,korean beef dish,ERROR
한우,투플불고기(완조리),korean beef dish,ERROR
한우,투플육수불고기,korean beef dish,ERROR
한우,투플육수불고기(비조리),korean beef dish,ERROR
한우,함박스테이크,korean steak food,https://images.pexels.com/photos/1314041/pexels-photo-1314041.jpeg?auto=compress&cs=tinysrgb&h=650&w=940
한우,함박스테이크(2개),korean steak food,https://images.pexels.com/photos/1314041/pexels-photo-1314041.jpeg?auto=compress&cs=tinysrgb&h=650&w=940
한돈,LA식목살양념(반조리),korean pork neck food,https://images.pexels.com/photos/13085835/pexels-photo-13085835.jpeg?auto=compress&cs=tinysrgb&h=650&w=940
한돈,LA식양념목살,korean pork neck food,https://images.pexels.com/photos/13085835/pexels-photo-13085835.jpeg?auto=compress&cs=tinysrgb&h=650&w=940
한돈,"가츠동(밥포함,간편식)",korean pork dish,ERROR
한돈,간짜장,korean pork dish,ERROR
한돈,간짜장(고추장섞어서),korean pork dish,ERROR
한돈,간짜장(고추장조금),korean pork dish,ERROR
한돈,갈비찜,korean short rib korean braised steamed dish food,https://images.pexels.com/photos/2781540/pexels-photo-2781540.jpeg?auto=compress&cs=tinysrgb&h=650&w=940
한돈,감자탕,korean potato korean soup food,ERROR
한돈,고추잡채,korean japchae glass noodles food,https://images.pexels.com/photos/15955380/pexels-photo-15955380.jpeg?auto=compress&cs=tinysrgb&h=650&w=940
한돈,고추잡채&꽃빵,korean japchae glass noodles food,https://images.pexels.com/photos/15955380/pexels-photo-15955380.jpeg?auto=compress&cs=tinysrgb&h=650&w=940
한돈,고추잡채+꽃빵,korean japchae glass noodles food,https://images.pexels.com/photos/15955380/pexels-photo-15955380.jpeg?auto=compress&cs=tinysrgb&h=650&w=940
한돈,고추잡채+꽃빵(4개),korean japchae glass noodles food,https://images.pexels.com/photos/15955380/pexels-photo-15955380.jpeg?auto=compress&cs=tinysrgb&h=650&w=940
한돈,고추잡채꽃빵,korean japchae glass noodles food,https://images.pexels.com/photos/15955380/pexels-photo-15955380.jpeg?auto=compress&cs=tinysrgb&h=650&w=940
한돈,고추장삼겹,korean korean chili paste pork belly food,ERROR
한돈,고추장삼겹 10. 0.,korean korean chili paste pork belly food,ERROR
한돈,고추장주물럭(비조리),korean korean chili paste food,https://images.pexels.com/photos/15955380/pexels-photo-15955380.jpeg?auto=compress&cs=tinysrgb&h=650&w=940
한돈,고추장주물럭키트,korean korean chili paste food,https://images.pexels.com/photos/15955380/pexels-photo-15955380.jpeg?auto=compress&cs=tinysrgb&h=650&w=940
한돈,김치찌개(2인분),korean kimchi korean stew food,ERROR
한돈,더덕고추장삼겹,korean korean chili paste pork belly deodeok root food,ERROR
한돈,돈테키,korean pork dish,ERROR
한돈,동그랑땡,korean pork dish,ERROR
한돈,동인동돼지갈비찜,korean pork short rib korean braised steamed dish food,ERROR
한돈,동인동매운갈비찜,korean short rib korean braised steamed dish food,https://images.pexels.com/photos/2781540/pexels-photo-2781540.jpeg?auto=compress&cs=tinysrgb&h=650&w=940
한돈,동인동매운갈비찜(신라면맵기),korean short rib korean braised steamed dish food,https://images.pexels.com/photos/2781540/pexels-photo-2781540.jpeg?auto=compress&cs=tinysrgb&h=650&w=940
한돈,동인동매운돼지갈비찜,korean pork short rib korean braised steamed dish food,ERROR
한돈,동파육,korean pork dish,ERROR
한돈,돼지갈비강정,korean pork short rib korean sweet crispy glazed food,ERROR
한돈,돼지갈비찜,korean pork short rib korean braised steamed dish food,ERROR
한돈,돼지떡갈비,korean korean grilled short rib patty pork short rib food,ERROR
한돈,돼지떡갈비7.0.,korean korean grilled short rib patty pork short rib food,ERROR
한돈,돼지불백,korean pork food,https://images.pexels.com/photos/13085835/pexels-photo-13085835.jpeg?auto=compress&cs=tinysrgb&h=650&w=940
한돈,돼지주물럭_비조리(간장/고추장),korean pork food,https://images.pexels.com/photos/13085835/pexels-photo-13085835.jpeg?auto=compress&cs=tinysrgb&h=650&w=940
한돈,돼지짜글이,korean pork food,https://images.pexels.com/photos/13085835/pexels-photo-13085835.jpeg?auto=compress&cs=tinysrgb&h=650&w=940
한돈,된장삼겹살,korean pork belly fermented soybean paste food,ERROR
한돈,된장삼겹살(초등부터가능),korean pork belly fermented soybean paste food,ERROR
한돈,된장삼겹살볶음+쌈야채,korean pork belly fermented soybean paste food,ERROR
한돈,된장삼겹조림(초등부터가능),korean pork belly fermented soybean paste korean braised dish food,https://images.pexels.com/photos/2781540/pexels-photo-2781540.jpeg?auto=compress&cs=tinysrgb&h=650&w=940
한돈,된장술국,korean fermented soybean paste korean soup food,https://images.pexels.com/photos/2781540/pexels-photo-2781540.jpeg?auto=compress&cs=tinysrgb&h=650&w=940
한돈,된장술국(짜글이),korean fermented soybean paste korean soup food,https://images.pexels.com/photos/2781540/pexels-photo-2781540.jpeg?auto=compress&cs=tinysrgb&h=650&w=940
한돈,된장술밥,korean fermented soybean paste food,https://images.pexels.com/photos/2781540/pexels-photo-2781540.jpeg?auto=compress&cs=tinysrgb&h=650&w=940
한돈,된장짜글이,korean fermented soybean paste food,https://images.pexels.com/photos/2781540/pexels-photo-2781540.jpeg?auto=compress&cs=tinysrgb&h=650&w=940
한돈,두부김찌찌개(2인분.국산김치),korean tofu korean stew food,https://images.pexels.com/photos/2781540/pexels-photo-2781540.jpeg?auto=compress&cs=tinysrgb&h=650&w=940
한돈,두부김치,korean tofu kimchi food,ERROR
한돈,두부김치(국내산김치),korean tofu kimchi food,ERROR
한돈,두부김치(국산김치),korean tofu kimchi food,ERROR
한돈,"두부김치(손두부,국산김치)",korean tofu kimchi food,ERROR
한돈,두부김치(수제국산김치),korean tofu kimchi food,ERROR
한돈,두부동그랑땡,korean tofu food,https://images.pexels.com/photos/2781540/pexels-photo-2781540.jpeg?auto=compress&cs=tinysrgb&h=650&w=940
한돈,두부두루치기,korean tofu food,https://images.pexels.com/photos/2781540/pexels-photo-2781540.jpeg?auto=compress&cs=tinysrgb&h=650&w=940
한돈,두부두루치기반조리,korean tofu food,https://images.pexels.com/photos/2781540/pexels-photo-2781540.jpeg?auto=compress&cs=tinysrgb&h=650&w=940
한돈,등갈비강정,korean short rib korean sweet crispy glazed food,ERROR
한돈,등갈비조림,korean short rib korean braised dish food,ERROR
한돈,등갈비찜,korean short rib korean braised steamed dish food,https://images.pexels.com/photos/2781540/pexels-photo-2781540.jpeg?auto=compress&cs=tinysrgb&h=650&w=940
한돈,등뼈김치찜(국산김치),korean kimchi korean braised steamed dish food,ERROR
한돈,등심카레,korean pork loin curry food,ERROR
한돈,등심카츠,korean pork loin food,https://images.pexels.com/photos/13085835/pexels-photo-13085835.jpeg?auto=compress&cs=tinysrgb&h=650&w=940
한돈,등심캐슈넛탕수,korean pork loin sweet and sour korean soup food,ERROR
한돈,마파두부,korean tofu food,https://images.pexels.com/photos/2781540/pexels-photo-2781540.jpeg?auto=compress&cs=tinysrgb&h=650&w=940
한돈,매운돼지갈비찜,korean pork short rib korean braised steamed dish food,ERROR
한돈,맥적구이,korean korean grilled dish food,https://images.pexels.com/photos/2781540/pexels-photo-2781540.jpeg?auto=compress&cs=tinysrgb&h=650&w=940
한돈,목살김치찜,korean pork neck kimchi korean braised steamed dish food,ERROR
한돈,"목살김치찜(국내산김치,목살)",korean pork neck kimchi korean braised steamed dish food,ERROR
한돈,목살김치찜(국산김치,korean pork neck kimchi korean soup food,ERROR
한돈,목살김치찜(국산김치),korean pork neck kimchi korean braised steamed dish food,ERROR
한돈,목살김치찜_국내산,korean pork neck kimchi korean soup food,ERROR
한돈,목살맥적,korean pork neck food,https://images.pexels.com/photos/13085835/pexels-photo-13085835.jpeg?auto=compress&cs=tinysrgb&h=650&w=940
한돈,목살맥적구이,korean pork neck korean grilled dish food,https://images.pexels.com/photos/19362399/pexels-photo-19362399.jpeg?auto=compress&cs=tinysrgb&h=650&w=940
한돈,목살양념갈비,korean pork neck short rib food,ERROR
한돈,목살양념갈비(300그람.반조리),korean pork neck short rib food,ERROR
한돈,목살양념갈비(완조리.반조리),korean pork neck short rib food,ERROR
한돈,목살찹스테이크,korean steak pork neck food,https://images.pexels.com/photos/19802119/pexels-photo-19802119.jpeg?auto=compress&cs=tinysrgb&h=650&w=940
한돈,목살폭찹스테이크,korean steak pork neck food,https://images.pexels.com/photos/19802119/pexels-photo-19802119.jpeg?auto=compress&cs=tinysrgb&h=650&w=940
한돈,무수분마늘수육,korean boiled pork slices korean radish food,ERROR
한돈,미트로프,korean pork dish,ERROR
한돈,불백(반조리.완조리),korean pork dish,ERROR
한돈,불백밀키트,korean meal kit food,ERROR
한돈,사천탕수육,korean sweet and sour boiled pork slices korean soup food,ERROR
한돈,삼겹김치찌개,korean pork belly kimchi korean stew food,ERROR
한돈,삼겹김치찜(국산수제김치),korean pork belly kimchi korean braised steamed dish food,ERROR
한돈,삼겹김치찜(수제국산김치),korean pork belly kimchi korean braised steamed dish food,ERROR
한돈,삼겹된장조림,korean soy braised beef pork belly fermented soybean paste food,ERROR
한돈,삼겹수육,korean pork belly boiled pork slices food,ERROR
한돈,삼겹수육겉절이,korean fresh kimchi pork belly boiled pork slices food,ERROR
한돈,삼겹수육세트,korean pork belly boiled pork slices food,ERROR
한돈,삼겹장똑똑이,korean pork belly food,ERROR
한돈,손두부김치(국산김치),korean tofu kimchi food,ERROR
한돈,수육겉절이세트,korean fresh kimchi boiled pork slices food,ERROR
한돈,수제동그랑땡,korean pork dish,ERROR
한돈,수제등심카츠,korean pork loin food,https://images.pexels.com/photos/13085835/pexels-photo-13085835.jpeg?auto=compress&cs=tinysrgb&h=650&w=940
한돈,"수제등심카츠동(간편식,밥O)",korean pork loin food,https://images.pexels.com/photos/13085835/pexels-photo-13085835.jpeg?auto=compress&cs=tinysrgb&h=650&w=940
한돈,수제안심카츠,korean tenderloin food,ERROR
한돈,수제직화제육,korean spicy pork stir fry food,https://images.pexels.com/photos/29631425/pexels-photo-29631425.jpeg?auto=compress&cs=tinysrgb&h=650&w=940
한돈,수제치즈롤카츠,korean cheese food,https://images.pexels.com/photos/18283713/pexels-photo-18283713.jpeg?auto=compress&cs=tinysrgb&h=650&w=940
한돈,수제함박,korean pork dish,ERROR
한돈,숯불에구운불백,korean pork dish,ERROR
한돈,숯불에구운제육,korean spicy pork stir fry food,https://images.pexels.com/photos/29631425/pexels-photo-29631425.jpeg?auto=compress&cs=tinysrgb&h=650&w=940
한돈,안심장조림,korean soy braised beef tenderloin korean braised dish food,ERROR
한돈,안심카츠,korean tenderloin food,ERROR
한돈,애호박짜글이,korean squash food,ERROR
한돈,애호박찌개,korean squash korean stew food,ERROR
한돈,야채카레,korean curry food,https://images.pexels.com/photos/18405156/pexels-photo-18405156.jpeg?auto=compress&cs=tinysrgb&h=650&w=940
한돈,야채카레 7,korean curry food,https://images.pexels.com/photos/18405156/pexels-photo-18405156.jpeg?auto=compress&cs=tinysrgb&h=650&w=940
한돈,야채카레(일본카레),korean curry food,https://images.pexels.com/photos/18405156/pexels-photo-18405156.jpeg?auto=compress&cs=tinysrgb&h=650&w=940
한돈,양념갈비,korean short rib food,https://images.pexels.com/photos/2781540/pexels-photo-2781540.jpeg?auto=compress&cs=tinysrgb&h=650&w=940
한돈,어향가지,korean eggplant food,https://images.pexels.com/photos/772513/pexels-photo-772513.png?auto=compress&cs=tinysrgb&h=650&w=940
한돈,오렌지소스통삼겹구이,korean pork belly korean grilled dish food,ERROR
한돈,오삼불고기,korean pork dish,ERROR
한돈,오향장육,korean pork dish,ERROR
한돈,일본야채카레,korean curry food,https://images.pexels.com/photos/18405156/pexels-photo-18405156.jpeg?auto=compress&cs=tinysrgb&h=650&w=940
한돈,일본토마토하이라이스,korean pork dish,ERROR
한돈,일본하이라이스,korean pork dish,ERROR
한돈,일식카레,korean curry food,https://images.pexels.com/photos/18405156/pexels-photo-18405156.jpeg?auto=compress&cs=tinysrgb&h=650&w=940
한돈,제육밀키트,korean meal kit spicy pork stir fry food,https://images.pexels.com/photos/37264135/pexels-photo-37264135.jpeg?auto=compress&cs=tinysrgb&h=650&w=940
한돈,제육반조리,korean spicy pork stir fry food,https://images.pexels.com/photos/29631425/pexels-photo-29631425.jpeg?auto=compress&cs=tinysrgb&h=650&w=940
한돈,제육볶음,korean spicy pork stir fry korean stir fry food,ERROR
한돈,제육볶음반조리,korean spicy pork stir fry korean stir fry food,ERROR
한돈,직화돼지불백,korean pork food,https://images.pexels.com/photos/13085835/pexels-photo-13085835.jpeg?auto=compress&cs=tinysrgb&h=650&w=940
한돈,직화불백,korean pork dish,ERROR
한돈,직화불백(조리.반조리),korean pork dish,ERROR
한돈,직화제육,korean spicy pork stir fry food,https://images.pexels.com/photos/29631425/pexels-photo-29631425.jpeg?auto=compress&cs=tinysrgb&h=650&w=940
한돈,직화제육(반조리.완조리),korean spicy pork stir fry food,https://images.pexels.com/photos/29631425/pexels-photo-29631425.jpeg?auto=compress&cs=tinysrgb&h=650&w=940
한돈,직화제육(완.반조리),korean spicy pork stir fry food,https://images.pexels.com/photos/29631425/pexels-photo-29631425.jpeg?auto=compress&cs=tinysrgb&h=650&w=940
한돈,직화제육(완조리.반조리),korean spicy pork stir fry food,https://images.pexels.com/photos/29631425/pexels-photo-29631425.jpeg?auto=compress&cs=tinysrgb&h=650&w=940
한돈,직화제육(조리.반조리),korean spicy pork stir fry food,https://images.pexels.com/photos/29631425/pexels-photo-29631425.jpeg?auto=compress&cs=tinysrgb&h=650&w=940
한돈,직화제육볶음,korean spicy pork stir fry korean stir fry food,ERROR
한돈,직화제육쌈세트,korean spicy pork stir fry food,https://images.pexels.com/photos/29631425/pexels-photo-29631425.jpeg?auto=compress&cs=tinysrgb&h=650&w=940
한돈,짜글이,korean pork dish,ERROR
한돈,치즈롤카츠,korean cheese food,https://images.pexels.com/photos/18283713/pexels-photo-18283713.jpeg?auto=compress&cs=tinysrgb&h=650&w=940
한돈,치즈코돈부르,korean cheese food,https://images.pexels.com/photos/18283713/pexels-photo-18283713.jpeg?auto=compress&cs=tinysrgb&h=650&w=940
한돈,카레,korean curry food,https://images.pexels.com/photos/18405156/pexels-photo-18405156.jpeg?auto=compress&cs=tinysrgb&h=650&w=940
한돈,캐슈넛등심탕수,korean pork loin sweet and sour korean soup food,ERROR
한돈,캐슈넛탕수,korean sweet and sour korean soup food,https://images.pexels.com/photos/13085835/pexels-photo-13085835.jpeg?auto=compress&cs=tinysrgb&h=650&w=940
한돈,코돈부르,korean pork dish,ERROR
한돈,코돈부르(야채치즈카츠.소스살짝매콤해요),korean pork dish,ERROR
한돈,톳솥밥,korean korean pot rice food,ERROR
한돈,톳솥밥(2인분),korean korean pot rice food,ERROR
한돈,톳표고솥밥_2인,korean korean pot rice food,ERROR
한돈,통삼겹바베큐,korean pork belly food,ERROR
한돈,통삼겹수육,korean pork belly boiled pork slices food,ERROR
한돈,통삼겹수육세트,korean pork belly boiled pork slices food,ERROR
한돈,통삽겹바베큐,korean pork dish,ERROR
한돈,폭찹스테이크,korean steak food,https://images.pexels.com/photos/1314041/pexels-photo-1314041.jpeg?auto=compress&cs=tinysrgb&h=650&w=940
한돈,하이라이스,korean pork dish,ERROR
반찬,3색나물국,korean korean soup food,https://images.pexels.com/photos/13085835/pexels-photo-13085835.jpeg?auto=compress&cs=tinysrgb&h=650&w=940
반찬,3색나물냉국,korean korean soup food,https://images.pexels.com/photos/13085835/pexels-photo-13085835.jpeg?auto=compress&cs=tinysrgb&h=650&w=940
반찬,3색콩나물국,korean bean sprouts korean soup food,ERROR
반찬,"3색콩나물국(미역,무,콩나물)",korean bean sprouts korean soup food,ERROR
반찬,3종쌈야채+젓갈양념장,korean korean salted seafood food,https://images.pexels.com/photos/2781540/pexels-photo-2781540.jpeg?auto=compress&cs=tinysrgb&h=650&w=940
반찬,4톳두부무침,korean tofu korean seasoned salad korean radish food,ERROR
반찬,5색비빔나물,korean side dish banchan,ERROR
반찬,가오리무침,korean duck korean seasoned salad korean radish food,ERROR
반찬,가자미무조림,korean flatfish korean braised dish korean radish food,ERROR
반찬,가자미튀김조림,korean flatfish korean braised dish korean fried food food,ERROR
반찬,가지 새우튀김무침,korean shrimp eggplant korean seasoned salad food,ERROR
반찬,가지꽈리고추무침,korean eggplant korean seasoned salad korean radish food,ERROR
반찬,가지꽈리고추볶음,korean eggplant korean stir fry food,ERROR
반찬,가지꽈리무침,korean eggplant korean seasoned salad korean radish food,ERROR
반찬,가지꽈리볶음,korean eggplant korean stir fry food,ERROR
반찬,가지나물,korean eggplant food,https://images.pexels.com/photos/772513/pexels-photo-772513.png?auto=compress&cs=tinysrgb&h=650&w=940
반찬,가지나물무침,korean eggplant korean seasoned salad korean radish food,ERROR
반찬,가지무침,korean eggplant korean seasoned salad korean radish food,ERROR
반찬,가지볶음,korean eggplant korean stir fry food,ERROR
반찬,가지튀김무침,korean eggplant korean seasoned salad korean fried food food,ERROR
반찬,간장노가리조림,korean korean braised dish food,ERROR
반찬,간장두부볶음,korean tofu korean stir fry food,ERROR
반찬,감자어묵볶음,korean potato korean stir fry food,ERROR
반찬,감자조림,korean potato korean braised dish food,ERROR
반찬,감자채 햄볶음,korean potato korean stir fry food,ERROR
반찬,감자채볶음,korean potato korean stir fry food,ERROR
반찬,건가자미,korean flatfish food,https://images.pexels.com/photos/15955380/pexels-photo-15955380.jpeg?auto=compress&cs=tinysrgb&h=650&w=940
반찬,건가자미간장조림,korean flatfish soy braised beef korean braised dish food,ERROR
반찬,건가자미간장찜,korean flatfish korean braised steamed dish food,ERROR
반찬,건가자미고추장조림,korean flatfish korean chili paste soy braised beef food,ERROR
반찬,건가자미양념조림,korean flatfish korean braised dish food,ERROR
반찬,건가자미전,korean flatfish korean savory pancake jeon food,https://images.pexels.com/photos/15955380/pexels-photo-15955380.jpeg?auto=compress&cs=tinysrgb&h=650&w=940
반찬,건가자미조림,korean flatfish korean braised dish food,ERROR
반찬,건가자미조림(간장/고추장),korean flatfish korean braised dish food,ERROR
반찬,건가자미조림(강구가자미),korean flatfish korean braised dish food,ERROR
반찬,건가자미조림(고추장),korean flatfish korean braised dish food,ERROR
반찬,건가자미튀김조림,korean flatfish korean braised dish korean fried food food,ERROR
반찬,건가자미튀김조림(간장),korean flatfish korean braised dish korean fried food food,ERROR
반찬,건가자조림,korean korean braised dish food,ERROR
반찬,건새우마늘쫑볶음,korean shrimp korean stir fry food,https://images.pexels.com/photos/105588/pexels-photo-105588.jpeg?auto=compress&cs=tinysrgb&h=650&w=940
반찬,건새우볶음,korean shrimp korean stir fry food,https://images.pexels.com/photos/105588/pexels-photo-105588.jpeg?auto=compress&cs=tinysrgb&h=650&w=940
반찬,검은콩조림,korean korean braised dish food,ERROR
반찬,검은콩조림4.0.,korean korean braised dish food,ERROR
반찬,겨울무조림,korean korean braised dish korean radish food,ERROR
반찬,겨울초된장무침,korean fermented soybean paste korean seasoned salad korean radish food,ERROR
반찬,겨울초무침,korean korean seasoned salad korean radish food,ERROR
반찬,견과류조림,korean korean braised dish food,ERROR
반찬,견과류지리멸치볶음,korean korean stir fry food,ERROR
반찬,계란장,korean egg food,https://images.pexels.com/photos/2781540/pexels-photo-2781540.jpeg?auto=compress&cs=tinysrgb&h=650&w=940
반찬,계란장조림,korean soy braised beef egg korean braised dish food,ERROR
반찬,고구마줄기볶음,korean sweet potato korean stir fry food,ERROR
반찬,고동초무침,korean korean seasoned salad korean radish food,ERROR
반찬,고들빼기,korean side dish banchan,ERROR
반찬,고들빼기장아찌,korean korean pickled vegetable food,ERROR
반찬,고들빼기장아찌 5. 0.,korean korean pickled vegetable food,ERROR
반찬,고등어데리야끼조림,korean teriyaki mackerel grilled korean braised dish food,ERROR
반찬,고등어무조림,korean mackerel grilled korean braised dish korean radish food,ERROR
반찬,고추잎무침,korean korean seasoned salad korean radish food,ERROR
반찬,고추잎젓갈무침,korean korean seasoned salad korean salted seafood korean radish food,ERROR
반찬,고추장건가자미조림,korean flatfish korean chili paste korean braised dish food,ERROR
반찬,고추장멸치볶음,korean korean chili paste korean stir fry food,ERROR
반찬,고추장멸치볶음 5. 0.,korean korean chili paste korean stir fry food,ERROR
반찬,고추장멸치조림,korean korean chili paste korean braised dish food,ERROR
반찬,고추장아찌무침,korean korean chili paste korean pickled vegetable korean seasoned salad food,ERROR
반찬,고추장진미조림,korean korean chili paste korean braised dish food,ERROR
반찬,고추장진미채,korean korean chili paste food,https://images.pexels.com/photos/15955380/pexels-photo-15955380.jpeg?auto=compress&cs=tinysrgb&h=650&w=940
반찬,고추장진미채조림,korean korean chili paste korean braised dish food,ERROR
반찬,고춧잎무침,korean korean seasoned salad korean radish food,ERROR
반찬,고춧잎젓갈무침,korean korean seasoned salad korean salted seafood korean radish food,ERROR
반찬,곤드레나물+달래장,korean gondre rice food,https://images.pexels.com/photos/18283713/pexels-photo-18283713.jpeg?auto=compress&cs=tinysrgb&h=650&w=940
반찬,곤드레비빔나물,korean gondre rice food,https://images.pexels.com/photos/18283713/pexels-photo-18283713.jpeg?auto=compress&cs=tinysrgb&h=650&w=940
반찬,곤드레비빔나물(양념장O.2인분),korean gondre rice food,https://images.pexels.com/photos/18283713/pexels-photo-18283713.jpeg?auto=compress&cs=tinysrgb&h=650&w=940
반찬,골뱅이무침,korean korean seasoned salad korean radish food,ERROR
반찬,곰피무침,korean korean seasoned salad korean radish food,ERROR
반찬,광어조림(빨간양념),korean korean braised dish food,ERROR
반찬,국산더덕무침,korean deodeok root korean seasoned salad korean radish food,https://images.pexels.com/photos/2781540/pexels-photo-2781540.jpeg?auto=compress&cs=tinysrgb&h=650&w=940
반찬,국산숯불간장닭조림,korean korean braised dish chicken korean soup food,ERROR
반찬,국산연근우엉조림,korean burdock root lotus root korean braised dish food,ERROR
반찬,국산연근조림,korean lotus root korean braised dish korean soup food,ERROR
반찬,국산우엉채조림,korean burdock root korean braised dish korean soup food,ERROR
반찬,김장아찌,korean korean pickled vegetable food,ERROR
반찬,깐풍가지,korean eggplant food,https://images.pexels.com/photos/772513/pexels-photo-772513.png?auto=compress&cs=tinysrgb&h=650&w=940
반찬,깐풍가지 5. 0.,korean eggplant food,https://images.pexels.com/photos/772513/pexels-photo-772513.png?auto=compress&cs=tinysrgb&h=650&w=940
반찬,깐풍가지볶음,korean eggplant korean stir fry food,ERROR
반찬,깻순조림,korean korean braised dish food,ERROR
반찬,깻잎순조림,korean korean braised dish food,ERROR
반찬,깻잎장아찌,korean korean pickled vegetable food,ERROR
반찬,깻잎장아찌무침,korean korean pickled vegetable korean seasoned salad korean radish food,ERROR
반찬,깻잎장아찌양념무침,korean korean pickled vegetable korean seasoned salad korean radish food,ERROR
반찬,깻잎조림,korean korean braised dish food,ERROR
반찬,깻잎찜,korean korean braised steamed dish food,https://images.pexels.com/photos/2781540/pexels-photo-2781540.jpeg?auto=compress&cs=tinysrgb&h=650&w=940
반찬,깻잎찜 5. 0.,korean korean braised steamed dish food,https://images.pexels.com/photos/2781540/pexels-photo-2781540.jpeg?auto=compress&cs=tinysrgb&h=650&w=940
반찬,꼬막살달래무침,korean korean seasoned salad korean radish food,ERROR
반찬,꼬막살무침,korean korean seasoned salad korean radish food,ERROR
반찬,꼬시래기초무침,korean korean seasoned salad korean radish food,ERROR
반찬,꽁치고구마줄기조림,korean sweet potato korean braised dish food,ERROR
반찬,꽈리고추 새송이조림,korean korean braised dish food,ERROR
반찬,꽈리고추가지무침,korean eggplant korean seasoned salad korean radish food,ERROR
반찬,꽈리고추멸치볶음,korean korean stir fry food,ERROR
반찬,꽈리고추무침,korean korean seasoned salad korean radish food,ERROR
반찬,꽈리고추찜,korean korean braised steamed dish food,https://images.pexels.com/photos/2781540/pexels-photo-2781540.jpeg?auto=compress&cs=tinysrgb&h=650&w=940
반찬,낙지젓갈,korean octopus korean salted seafood food,ERROR
반찬,냉이나물,korean shepherd's purse food,ERROR
반찬,냉이된장무침,korean shepherd's purse fermented soybean paste korean seasoned salad food,ERROR
반찬,냉이무침,korean shepherd's purse korean seasoned salad korean radish food,ERROR
반찬,노가리간장조림,korean soy braised beef korean braised dish food,ERROR
반찬,노가리고추장조림,korean korean chili paste soy braised beef korean braised dish food,https://images.pexels.com/photos/2781540/pexels-photo-2781540.jpeg?auto=compress&cs=tinysrgb&h=650&w=940
반찬,노가리조림,korean korean braised dish food,ERROR
반찬,노가리조림(간장/고추장),korean korean braised dish food,ERROR
반찬,노가리조림(고추장),korean korean braised dish food,ERROR
반찬,다시마무침,korean korean seasoned salad korean radish food,ERROR
반찬,다시마채무침,korean korean seasoned salad korean radish food,ERROR
반찬,다시마채젓갈무침,korean korean seasoned salad korean salted seafood korean radish food,ERROR
반찬,달래 멸치무침,korean korean seasoned salad korean radish food,ERROR
반찬,달래오이무침,korean korean seasoned salad korean radish food,ERROR
반찬,더덕마늘쫑무침,korean deodeok root korean seasoned salad korean radish food,https://images.pexels.com/photos/2781540/pexels-photo-2781540.jpeg?auto=compress&cs=tinysrgb&h=650&w=940
반찬,더덕무침,korean deodeok root korean seasoned salad korean radish food,https://images.pexels.com/photos/2781540/pexels-photo-2781540.jpeg?auto=compress&cs=tinysrgb&h=650&w=940
반찬,더덕비빔나물5종,korean deodeok root food,ERROR
반찬,데리야끼닭볶음,korean teriyaki korean stir fry chicken food,ERROR
반찬,데리야끼닭볶음_국내산,korean teriyaki korean stir fry chicken food,ERROR
반찬,데리야끼닭조림,korean teriyaki korean braised dish chicken food,ERROR
반찬,데리야끼윙봉조림_국내산,korean teriyaki korean braised dish korean soup food,ERROR
반찬,도라지오이무침,korean bellflower root korean seasoned salad korean radish food,ERROR
반찬,도루묵조림,korean korean braised dish food,ERROR
반찬,도토리묵무침,korean korean seasoned salad korean radish food,ERROR
반찬,도토리묵무침키트+양념장,korean korean seasoned salad korean radish food,ERROR
반찬,동초된장무침,korean fermented soybean paste korean seasoned salad korean radish food,ERROR
반찬,동초무침,korean korean seasoned salad korean radish food,ERROR
반찬,된장배추무침,korean napa cabbage fermented soybean paste korean seasoned salad food,ERROR
반찬,두부구이+달래장,korean tofu korean grilled dish food,ERROR
반찬,두부버섯조림,korean tofu mushroom korean braised dish food,ERROR
반찬,두부브로컬리무침,korean tofu korean seasoned salad korean radish food,ERROR
반찬,두부브로콜리무침,korean tofu korean seasoned salad korean radish food,ERROR
반찬,들기름깻잎찜,korean perilla oil korean braised steamed dish food,ERROR
반찬,땅두릅초무침,korean korean seasoned salad korean radish food,ERROR
반찬,땅두릅초무침1,korean korean seasoned salad korean radish food,ERROR
반찬,땅콩조림,korean korean braised dish peanut food,ERROR
반찬,땅콩조림4.0.,korean korean braised dish peanut food,ERROR
반찬,땡초지리멸치볶음,korean korean stir fry food,ERROR
반찬,마늘쫑무침,korean korean seasoned salad korean radish food,ERROR
반찬,마늘쫑장아찌,korean korean pickled vegetable food,ERROR
반찬,마늘쫑장아찌무침,korean korean pickled vegetable korean seasoned salad korean radish food,ERROR
반찬,마늘쫑한우볶음,korean korean beef korean stir fry food,https://images.pexels.com/photos/26341190/pexels-photo-26341190.jpeg?auto=compress&cs=tinysrgb&h=650&w=940
반찬,마파계란조림,korean egg korean braised dish food,ERROR
반찬,매운새송이채볶음,korean korean stir fry food,ERROR
반찬,매콤애호박볶음,korean squash korean stir fry food,ERROR
반찬,매콤콩나물무침,korean bean sprouts korean seasoned salad korean radish food,ERROR
반찬,머위대들깨볶음,korean korean stir fry perilla seed food,ERROR
반찬,머위된장무침,korean fermented soybean paste korean seasoned salad korean radish food,ERROR
반찬,머위순된장무침,korean fermented soybean paste korean seasoned salad korean radish food,ERROR
반찬,메추리알장조림,korean quail egg soy braised beef korean braised dish food,ERROR
반찬,메추리알조림,korean quail egg korean braised dish food,ERROR
반찬,메추리알조림4.0.,korean quail egg korean braised dish food,ERROR
반찬,멸치고구마줄기조림,korean sweet potato korean braised dish food,ERROR
반찬,멸치깻순조림,korean korean braised dish food,ERROR
반찬,명란무침,korean pollock roe korean seasoned salad korean radish food,ERROR
반찬,명란젓갈,korean pollock roe korean salted seafood food,ERROR
반찬,명란젓양념무침,korean pollock roe korean seasoned salad korean radish food,ERROR
반찬,명엽채조림,korean korean braised dish food,ERROR
반찬,명이나물,korean side dish banchan,ERROR
반찬,명이나물장아찌,korean korean pickled vegetable food,ERROR
반찬,명태실채,korean pollock fish food,https://images.pexels.com/photos/18283713/pexels-photo-18283713.jpeg?auto=compress&cs=tinysrgb&h=650&w=940
반찬,모듬나물,korean side dish banchan,ERROR
반찬,모듬봄나물,korean side dish banchan,ERROR
반찬,모듬봄나물4.0.,korean side dish banchan,ERROR
반찬,모듬비빔나물,korean side dish banchan,ERROR
반찬,모듬해물콩나물찜,korean bean sprouts korean braised steamed dish food,ERROR
반찬,모자반젓갈무침,korean korean seasoned salad korean salted seafood korean radish food,ERROR
반찬,목이버섯장아찌,korean korean pickled vegetable mushroom food,ERROR
반찬,무나물,korean korean radish food,https://images.pexels.com/photos/2781540/pexels-photo-2781540.jpeg?auto=compress&cs=tinysrgb&h=650&w=940
반찬,무나물볶음,korean korean stir fry korean radish food,ERROR
반찬,무말랭이,korean korean radish food,https://images.pexels.com/photos/2781540/pexels-photo-2781540.jpeg?auto=compress&cs=tinysrgb&h=650&w=940
반찬,무말랭이 4. 0.,korean korean radish food,https://images.pexels.com/photos/2781540/pexels-photo-2781540.jpeg?auto=compress&cs=tinysrgb&h=650&w=940
반찬,무말랭이조림,korean korean braised dish korean radish food,ERROR
반찬,무생채무침,korean korean seasoned salad korean radish food,ERROR
반찬,무장아찌무침,korean korean pickled vegetable korean seasoned salad korean radish food,ERROR
반찬,무조림,korean korean braised dish korean radish food,ERROR
반찬,무채나물,korean korean radish food,https://images.pexels.com/photos/2781540/pexels-photo-2781540.jpeg?auto=compress&cs=tinysrgb&h=650&w=940
반찬,무채무침,korean korean seasoned salad korean radish food,ERROR
반찬,무파래무침,korean korean seasoned salad korean radish food,ERROR
반찬,미나리나물,korean water dropwort food,https://images.pexels.com/photos/15928147/pexels-photo-15928147.jpeg?auto=compress&cs=tinysrgb&h=650&w=940
반찬,미나리무침,korean water dropwort korean seasoned salad korean radish food,ERROR
반찬,미역무침,korean korean seasoned salad korean radish food,ERROR
반찬,미역줄기,korean side dish banchan,ERROR
반찬,미역줄기볶음,korean korean stir fry food,ERROR
반찬,미역줄기생무침,korean korean seasoned salad korean radish food,ERROR
반찬,미역초무침,korean korean seasoned salad korean radish food,ERROR
반찬,반건조가자미조림,korean flatfish korean braised dish food,ERROR
반찬,방울토마토마리네이드,korean side dish banchan,ERROR
반찬,방울토마토마리네이드5.0.,korean side dish banchan,ERROR
반찬,방풍나물,korean side dish banchan,ERROR
반찬,방풍나물된장무침,korean fermented soybean paste korean seasoned salad korean radish food,ERROR
반찬,방풍나물무침,korean korean seasoned salad korean radish food,ERROR
반찬,배추된장무침,korean napa cabbage fermented soybean paste korean seasoned salad food,ERROR
반찬,버섯야채무침,korean mushroom korean seasoned salad korean radish food,ERROR
반찬,베이컨감자채볶음,korean potato korean stir fry food,ERROR
반찬,병아리콩조림,korean korean braised dish food,ERROR
반찬,보름나물7종,korean side dish banchan,ERROR
반찬,봄나물,korean side dish banchan,ERROR
반찬,봄나물무침,korean korean seasoned salad korean radish food,ERROR
반찬,봄동된장무침,korean fermented soybean paste korean seasoned salad korean radish food,ERROR
반찬,부산생고등어무조림,korean mackerel grilled korean braised dish korean radish food,ERROR
반찬,부지깽이나물,korean side dish banchan,ERROR
반찬,부지깽이막장무침,korean korean seasoned salad korean radish food,ERROR
반찬,부지깽이무침,korean korean seasoned salad korean radish food,ERROR
반찬,부추토마토계란볶음,korean egg garlic chive korean stir fry food,ERROR
반찬,북어채오이무침,korean korean seasoned salad korean radish food,ERROR
반찬,북어포고추장무침,korean korean chili paste korean seasoned salad korean radish food,ERROR
반찬,북어포무조림,korean korean braised dish korean radish food,ERROR
반찬,북어포무침,korean korean seasoned salad korean radish food,ERROR
반찬,북어피강정,korean korean sweet crispy glazed food,https://images.pexels.com/photos/18283713/pexels-photo-18283713.jpeg?auto=compress&cs=tinysrgb&h=650&w=940
반찬,브로콜리두부무침,korean tofu korean seasoned salad korean radish food,ERROR
반찬,브로콜리들깨무침,korean korean seasoned salad perilla seed korean radish food,ERROR
반찬,브로콜리들깨소스무침,korean korean seasoned salad perilla seed korean radish food,ERROR
반찬,브로콜리참깨무침,korean korean seasoned salad sesame korean radish food,ERROR
반찬,비름나물,korean side dish banchan,ERROR
반찬,비름나물무침,korean korean seasoned salad korean radish food,ERROR
반찬,비빔곤드레나물(양념장o),korean gondre rice food,https://images.pexels.com/photos/18283713/pexels-photo-18283713.jpeg?auto=compress&cs=tinysrgb&h=650&w=940
반찬,비빔나물5종,korean side dish banchan,ERROR
반찬,비빔나물5종 마늘고추장,korean korean chili paste food,https://images.pexels.com/photos/15955380/pexels-photo-15955380.jpeg?auto=compress&cs=tinysrgb&h=650&w=940
반찬,비빔나물5종(수제마늘고추장),korean side dish banchan,ERROR
반찬,빨간콩나물무침,korean bean sprouts korean seasoned salad korean radish food,ERROR
반찬,삭힌고추무침,korean korean seasoned salad korean radish food,ERROR
반찬,산참나물,korean side dish banchan,ERROR
반찬,산취나물,korean aster greens food,https://images.pexels.com/photos/15955380/pexels-photo-15955380.jpeg?auto=compress&cs=tinysrgb&h=650&w=940
반찬,산취나물무침,korean aster greens korean seasoned salad korean radish food,ERROR
반찬,살고동초무침,korean korean seasoned salad korean radish food,ERROR
반찬,삼색콩나물국,korean bean sprouts korean soup food,ERROR
반찬,새송이꽈리조림,korean korean braised dish food,ERROR
반찬,새송이버섯조림,korean mushroom korean braised dish food,ERROR
반찬,새송이조림,korean korean braised dish food,ERROR
반찬,새우젓애호박볶음,korean shrimp squash korean stir fry food,ERROR
반찬,새콤무나물,korean korean radish food,https://images.pexels.com/photos/2781540/pexels-photo-2781540.jpeg?auto=compress&cs=tinysrgb&h=650&w=940
반찬,샐러리나물,korean side dish banchan,ERROR
반찬,샐러리장아찌,korean korean pickled vegetable food,ERROR
반찬,생가자미무조림,korean flatfish korean braised dish korean radish food,ERROR
반찬,생고등어무조림,korean mackerel grilled korean braised dish korean radish food,ERROR
반찬,생깻잎무침,korean korean seasoned salad korean radish food,ERROR
반찬,생깻잎찜,korean korean braised steamed dish food,https://images.pexels.com/photos/2781540/pexels-photo-2781540.jpeg?auto=compress&cs=tinysrgb&h=650&w=940
반찬,생미역무침,korean korean seasoned salad korean radish food,ERROR
반찬,생부지깽이나물,korean side dish banchan,ERROR
반찬,생취나물무침,korean aster greens korean seasoned salad korean radish food,ERROR
반찬,생취나물무침4.0.,korean aster greens korean seasoned salad korean radish food,ERROR
반찬,생파래무침,korean korean seasoned salad korean radish food,ERROR
반찬,세발나물무침,korean korean seasoned salad korean radish food,ERROR
반찬,세송이조림,korean korean braised dish food,ERROR
반찬,쇠미역장아찌,korean korean pickled vegetable food,ERROR
반찬,수제무장아찌무침,korean korean pickled vegetable korean seasoned salad korean radish food,ERROR
반찬,숙주나물,korean mung bean sprouts food,https://images.pexels.com/photos/2781540/pexels-photo-2781540.jpeg?auto=compress&cs=tinysrgb&h=650&w=940
반찬,숙주나물무침,korean mung bean sprouts korean seasoned salad korean radish food,ERROR
반찬,숙주무침,korean mung bean sprouts korean seasoned salad korean radish food,ERROR
반찬,숙주오이초무침,korean mung bean sprouts korean seasoned salad korean radish food,ERROR
반찬,순살갈치무조림,korean hairtail fish korean braised dish korean radish food,ERROR
반찬,순살고등어데리야끼조림,korean teriyaki mackerel grilled korean braised dish food,ERROR
반찬,숯불간장닭조림,korean korean braised dish chicken food,ERROR
반찬,숯불간장닭조림(국내산),korean korean braised dish chicken food,ERROR
반찬,쉬림프 갈릭버터새우볶음,korean shrimp korean stir fry butter food,https://images.pexels.com/photos/8697543/pexels-photo-8697543.jpeg?auto=compress&cs=tinysrgb&h=650&w=940
반찬,시금치고추장무침,korean spinach korean chili paste korean seasoned salad food,ERROR
반찬,시금치나물,korean spinach food,https://images.pexels.com/photos/2781540/pexels-photo-2781540.jpeg?auto=compress&cs=tinysrgb&h=650&w=940
반찬,시금치무침,korean spinach korean seasoned salad korean radish food,ERROR
반찬,시금치무침4.0.,korean spinach korean seasoned salad korean radish food,ERROR
반찬,쑥갓무침,korean korean seasoned salad korean radish mugwort food,ERROR
반찬,씨앗젓갈,korean korean salted seafood food,https://images.pexels.com/photos/2781540/pexels-photo-2781540.jpeg?auto=compress&cs=tinysrgb&h=650&w=940
반찬,아구포무침,korean monkfish korean seasoned salad korean radish food,ERROR
반찬,아구포조림,korean monkfish korean braised dish food,ERROR
반찬,아귀포무침,korean korean seasoned salad korean radish food,ERROR
반찬,아귀포조림,korean korean braised dish food,ERROR
반찬,알가자미조림,korean flatfish korean braised dish food,ERROR
반찬,알감자베이컨조림,korean potato korean braised dish food,ERROR
반찬,알감자소세지버섯볶음,korean potato mushroom korean stir fry food,ERROR
반찬,알감자조림,korean potato korean braised dish food,ERROR
반찬,애느타리들깨무침,korean korean seasoned salad perilla seed korean radish food,ERROR
반찬,애느타리버섯볶음,korean mushroom korean stir fry food,ERROR
반찬,애느타리볶음,korean korean stir fry food,ERROR
반찬,애호박나물,korean squash food,ERROR
반찬,애호박볶음,korean squash korean stir fry food,ERROR
반찬,애호박새우볶음,korean shrimp squash korean stir fry food,ERROR
반찬,애호박새우살볶음,korean shrimp squash korean stir fry food,ERROR
반찬,애호박새우젓볶음,korean shrimp squash korean stir fry food,ERROR
반찬,야채두부구이,korean tofu korean grilled dish food,ERROR
반찬,양배추들깨볶음,korean cabbage napa cabbage korean stir fry food,ERROR
반찬,어묵볶음,korean korean stir fry food,ERROR
반찬,얼갈이된장무침,korean fermented soybean paste korean seasoned salad korean radish food,ERROR
반찬,얼갈이배추된장무침,korean napa cabbage fermented soybean paste korean seasoned salad food,ERROR
반찬,연근깨소스무침,korean lotus root korean seasoned salad korean radish food,ERROR
반찬,연근우엉조림,korean burdock root lotus root korean braised dish food,ERROR
반찬,연근조림,korean lotus root korean braised dish food,ERROR
반찬,연근조림4.0.,korean lotus root korean braised dish food,ERROR
반찬,열무된장무침,korean fermented soybean paste korean seasoned salad korean radish food,ERROR
반찬,열무순된장무침,korean fermented soybean paste korean seasoned salad korean radish food,ERROR
반찬,오색비빔나물,korean side dish banchan,ERROR
반찬,오이고추무침,korean korean seasoned salad korean radish food,ERROR
반찬,오이달래무침,korean korean seasoned salad korean radish food,ERROR
반찬,오이도라지무침,korean bellflower root korean seasoned salad korean radish food,ERROR
반찬,오이도라지채무침,korean bellflower root korean seasoned salad korean radish food,ERROR
반찬,오이도라지초무침,korean bellflower root korean seasoned salad korean radish food,ERROR
반찬,오이무침,korean korean seasoned salad korean radish food,ERROR
반찬,오이부추무침,korean garlic chive korean seasoned salad korean radish food,https://images.pexels.com/photos/2781540/pexels-photo-2781540.jpeg?auto=compress&cs=tinysrgb&h=650&w=940
반찬,오이지무침,korean korean seasoned salad korean radish food,ERROR
반찬,오징어미나리초무침,korean squid water dropwort korean seasoned salad food,ERROR
반찬,오징어비빔젓갈,korean squid korean salted seafood food,ERROR
반찬,오징어실채,korean squid food,https://images.pexels.com/photos/15801007/pexels-photo-15801007.jpeg?auto=compress&cs=tinysrgb&h=650&w=940
반찬,오징어실채볶음,korean squid korean stir fry food,ERROR
반찬,오징어실채볶음 5. 0.,korean squid korean stir fry food,ERROR
반찬,오징어젓갈,korean squid korean salted seafood food,ERROR
반찬,오징어콩나물국,korean squid bean sprouts korean soup food,ERROR
반찬,오징어콩나물찜,korean squid bean sprouts korean braised steamed dish food,ERROR
반찬,우엉깨소스무침,korean burdock root korean seasoned salad korean radish food,ERROR
반찬,우엉조림,korean burdock root korean braised dish food,ERROR
반찬,우엉조림4.0.,korean burdock root korean braised dish food,ERROR
반찬,우엉채조림,korean burdock root korean braised dish food,ERROR
반찬,울릉도나물된장무침,korean fermented soybean paste korean seasoned salad korean radish food,ERROR
반찬,울릉도나물무침,korean korean seasoned salad korean radish food,ERROR
반찬,울릉도명이나물,korean side dish banchan,ERROR
반찬,울릉도명이나물장아찌,korean korean pickled vegetable food,ERROR
반찬,유자청연근무침,korean lotus root korean seasoned salad yuzu citrus food,ERROR
반찬,유채나물무침,korean korean seasoned salad korean radish food,ERROR
반찬,일본식 오이무침,korean korean seasoned salad korean radish food,ERROR
반찬,일식두부조림,korean tofu korean braised dish food,https://images.pexels.com/photos/2781540/pexels-photo-2781540.jpeg?auto=compress&cs=tinysrgb&h=650&w=940
반찬,일식오이무침,korean korean seasoned salad korean radish food,ERROR
반찬,일식한돈삼겹장조림,korean soy braised beef pork belly korean braised dish food,ERROR
반찬,전주식콩나물국,korean bean sprouts korean soup korean savory pancake jeon food,ERROR
반찬,전주식콩나물국밥,korean bean sprouts korean soup korean savory pancake jeon food,ERROR
반찬,주꾸미볶음,korean baby octopus korean stir fry food,ERROR
반찬,주꾸미야채볶음,korean baby octopus korean stir fry food,ERROR
반찬,쥐포볶음,korean korean stir fry food,ERROR
반찬,쥐포조림,korean korean braised dish food,ERROR
반찬,쥐포채조림,korean korean braised dish food,ERROR
반찬,쥐포채조림 5. 0.,korean korean braised dish food,ERROR
반찬,지리멸치볶음,korean korean stir fry food,ERROR
반찬,지리멸치볶음5.0.,korean korean stir fry food,ERROR
반찬,지리멸치조림,korean korean braised dish food,ERROR
반찬,진미채,korean side dish banchan,ERROR
반찬,진미채조림,korean korean braised dish food,ERROR
반찬,짜장계란조림,korean egg korean braised dish food,ERROR
반찬,쪽파김무침,korean korean seasoned salad korean radish food,ERROR
반찬,찐가지나물,korean eggplant food,https://images.pexels.com/photos/772513/pexels-photo-772513.png?auto=compress&cs=tinysrgb&h=650&w=940
반찬,찐가지무침,korean eggplant korean seasoned salad korean radish food,ERROR
반찬,찐꽈리무침,korean korean seasoned salad korean radish food,ERROR
반찬,참나물고추장무침,korean korean chili paste korean seasoned salad korean radish food,ERROR
반찬,참나물두부무침,korean tofu korean seasoned salad korean radish food,ERROR
반찬,참나물무침,korean korean seasoned salad korean radish food,ERROR
반찬,참치 두부조림,korean tofu korean braised dish food,https://images.pexels.com/photos/2781540/pexels-photo-2781540.jpeg?auto=compress&cs=tinysrgb&h=650&w=940
반찬,청포묵무침,korean korean seasoned salad korean radish food,ERROR
반찬,청포묵볶음,korean korean stir fry food,ERROR
반찬,초벌부추무침,korean garlic chive korean seasoned salad korean radish food,https://images.pexels.com/photos/2781540/pexels-photo-2781540.jpeg?auto=compress&cs=tinysrgb&h=650&w=940
반찬,취나물,korean aster greens food,https://images.pexels.com/photos/15955380/pexels-photo-15955380.jpeg?auto=compress&cs=tinysrgb&h=650&w=940
반찬,취나물무침,korean aster greens korean seasoned salad korean radish food,ERROR
반찬,코다리겨울무조림,korean dried pollock braised korean braised dish korean radish food,https://images.pexels.com/photos/15597769/pexels-photo-15597769.jpeg?auto=compress&cs=tinysrgb&h=650&w=940
반찬,코다리무조림,korean dried pollock braised korean braised dish korean radish food,https://images.pexels.com/photos/15597769/pexels-photo-15597769.jpeg?auto=compress&cs=tinysrgb&h=650&w=940
반찬,코다리무조림(2마리),korean dried pollock braised korean braised dish korean radish food,https://images.pexels.com/photos/15597769/pexels-photo-15597769.jpeg?auto=compress&cs=tinysrgb&h=650&w=940
반찬,코다리조림,korean dried pollock braised korean braised dish food,ERROR
반찬,콩나물냉채,korean bean sprouts cold appetizer salad food,ERROR
반찬,콩나물무채국,korean bean sprouts korean radish korean soup food,ERROR
반찬,콩나물무침,korean bean sprouts korean seasoned salad korean radish food,ERROR
반찬,콩나물무침3.0.,korean bean sprouts korean seasoned salad korean radish food,ERROR
반찬,콩나물뭇국,korean bean sprouts korean soup food,ERROR
반찬,"콩나물버섯솥밥(2인,밥O)",korean bean sprouts mushroom korean pot rice food,ERROR
반찬,콩나물해물찜,korean bean sprouts korean braised steamed dish food,ERROR
반찬,콩잎무침,korean korean seasoned salad korean radish food,ERROR
반찬,톳된장무침,korean fermented soybean paste korean seasoned salad korean radish food,ERROR
반찬,톳두부무침,korean tofu korean seasoned salad korean radish food,ERROR
반찬,톳젓갈무침,korean korean seasoned salad korean salted seafood korean radish food,ERROR
반찬,통들깨멸치볶음,korean korean stir fry perilla seed food,ERROR
반찬,통들깨버섯볶음,korean mushroom korean stir fry perilla seed food,ERROR
반찬,파래무침,korean korean seasoned salad korean radish food,ERROR
반찬,파래초무침,korean korean seasoned salad korean radish food,ERROR
반찬,표고마늘쫑볶음,korean korean stir fry food,ERROR
반찬,풋마늘고추장무침,korean korean chili paste korean seasoned salad korean radish food,ERROR
반찬,풋마늘무침,korean korean seasoned salad korean radish food,ERROR
반찬,풋호박볶음,korean squash korean stir fry food,ERROR
반찬,해물순살아구찜(콩나물추가가능),korean monkfish korean braised steamed dish food,https://images.pexels.com/photos/15597769/pexels-photo-15597769.jpeg?auto=compress&cs=tinysrgb&h=650&w=940
반찬,햄감자채볶음,korean potato korean stir fry food,ERROR
반찬,햇양파장아찌,korean korean pickled vegetable food,ERROR
반찬,호박새우젓볶음,korean shrimp squash korean stir fry food,ERROR
반찬,활꽃게무침,korean crab korean seasoned salad food,https://images.pexels.com/photos/12755998/pexels-photo-12755998.jpeg?auto=compress&cs=tinysrgb&h=650&w=940
반찬,황태채볶음,korean dried pollock korean stir fry food,ERROR
반찬,황태콩나물무나물,korean bean sprouts dried pollock korean radish food,ERROR
반찬,황태포조림,korean dried pollock korean braised dish food,ERROR
김치,갓김치,korean kimchi food,ERROR
김치,겉절이,korean fresh kimchi food,ERROR
김치,겉절이 6. 0.,korean fresh kimchi food,ERROR
김치,겉절이수육세트,korean fresh kimchi boiled pork slices food,ERROR
김치,김치땡초전(국산김치),korean kimchi korean savory pancake jeon food,ERROR
김치,김치전&굴전,korean kimchi oyster korean savory pancake jeon food,ERROR
김치,김치콩나물국(국산김치),korean bean sprouts kimchi korean soup food,ERROR
김치,나박김치,korean kimchi food,ERROR
김치,나박물김치,korean watery kimchi kimchi food,ERROR
김치,"뚱유부초밥(계란,소고기,김치)",korean inari sushi food,https://images.pexels.com/photos/14469273/pexels-photo-14469273.jpeg?auto=compress&cs=tinysrgb&h=650&w=940
김치,"뚱유부초밥(새우,참치마요,김치)",korean inari sushi food,https://images.pexels.com/photos/14469273/pexels-photo-14469273.jpeg?auto=compress&cs=tinysrgb&h=650&w=940
김치,"뚱유부초밥(소고기,크래미,김치)",korean inari sushi food,https://images.pexels.com/photos/14469273/pexels-photo-14469273.jpeg?auto=compress&cs=tinysrgb&h=650&w=940
김치,무김치,korean kimchi korean radish food,ERROR
김치,무우물김치,korean watery kimchi kimchi korean radish food,ERROR
김치,배추겉절이,korean fresh kimchi napa cabbage food,ERROR
김치,배추물김치,korean watery kimchi napa cabbage kimchi food,ERROR
김치,백김치,korean kimchi food,ERROR
김치,봄동겉절이,korean fresh kimchi food,ERROR
김치,봄동사과겉절이,korean fresh kimchi food,ERROR
김치,부추김치,korean garlic chive kimchi food,ERROR
김치,사과봄동겉절이,korean fresh kimchi food,ERROR
김치,생고등어김치찜(국산),korean mackerel grilled kimchi korean braised steamed dish food,https://images.pexels.com/photos/2781540/pexels-photo-2781540.jpeg?auto=compress&cs=tinysrgb&h=650&w=940
김치,수육겉절이세트(국산),korean fresh kimchi boiled pork slices food,ERROR
김치,쌈배추물김치,korean watery kimchi napa cabbage kimchi food,ERROR
김치,쌈배추물김치+강된장,korean watery kimchi thick soybean paste stew napa cabbage food,ERROR
김치,알배추물김치,korean watery kimchi napa cabbage kimchi food,ERROR
김치,알배추열무물김치,korean watery kimchi napa cabbage kimchi food,ERROR
김치,알배추오이물김치,korean watery kimchi napa cabbage kimchi food,ERROR
김치,얼갈이물김치,korean watery kimchi kimchi food,ERROR
김치,얼갈이열무물김치,korean watery kimchi kimchi korean radish food,ERROR
김치,얼갈이열무물김치 6. 0.,korean watery kimchi kimchi korean radish food,ERROR
김치,열무김치지짐이,korean kimchi korean radish food,ERROR
김치,열무물김치,korean watery kimchi kimchi korean radish food,ERROR
김치,열무얼갈이물김치,korean watery kimchi kimchi korean radish food,ERROR
김치,열무자박김치,korean kimchi korean radish food,ERROR
김치,오이물김치,korean watery kimchi kimchi food,ERROR
김치,오이소박이,korean kimchi,ERROR
김치,쪽파김치,korean kimchi food,ERROR
김치,청방배추김치,korean napa cabbage kimchi food,ERROR
김치,청방포기김치,korean kimchi food,ERROR
김치,초벌부추겉절이,korean fresh kimchi garlic chive food,ERROR
김치,충무김치,korean kimchi korean radish food,ERROR
김치,파김치,korean kimchi food,ERROR
밀키트,가래떡떡볶이 밀키트,korean tteokbokki rice cake meal kit rice cake food,ERROR
밀키트,가래떡볶이밀키트,korean tteokbokki rice cake meal kit rice cake food,ERROR
밀키트,감자옹심이밀키트,korean meal kit potato food,ERROR
밀키트,국물떡볶이밀키트,korean tteokbokki rice cake meal kit rice cake food,ERROR
밀키트,김밥밀키트,korean meal kit kimbap rice roll food,ERROR
밀키트,"김밥밀키트(8종,5줄,김)",korean meal kit kimbap rice roll food,ERROR
밀키트,"김밥밀키트(8종,5줄,김포함)",korean meal kit kimbap rice roll food,ERROR
밀키트,"김밥밀키트(재료8종,5줄,김포함)",korean meal kit kimbap rice roll food,ERROR
밀키트,김밥키트,korean kimbap rice roll food,https://images.pexels.com/photos/7243416/pexels-photo-7243416.jpeg?auto=compress&cs=tinysrgb&h=650&w=940
밀키트,꼬막비빔밥키트,korean bibimbap food,https://images.pexels.com/photos/15955380/pexels-photo-15955380.jpeg?auto=compress&cs=tinysrgb&h=650&w=940
밀키트,나가사끼짬뽕밀키트,korean meal kit spicy seafood noodle soup food,ERROR
밀키트,낙지연포탕밀키트,korean meal kit octopus korean soup food,ERROR
밀키트,날치알밥밀키트,korean meal kit food,ERROR
밀키트,납작만두무침키트,korean korean dumpling korean seasoned salad korean radish food,ERROR
밀키트,냉모밀 밀키트,korean cold soba noodles meal kit buckwheat noodles soba food,ERROR
밀키트,노란호박전(밀키트),korean squash korean savory pancake jeon food,https://images.pexels.com/photos/15955380/pexels-photo-15955380.jpeg?auto=compress&cs=tinysrgb&h=650&w=940
밀키트,동태탕밀키트,korean meal kit pollock fish korean soup food,https://images.pexels.com/photos/13085835/pexels-photo-13085835.jpeg?auto=compress&cs=tinysrgb&h=650&w=940
밀키트,"두부두루치기(자연드림,밀키트)",korean tofu food,https://images.pexels.com/photos/2781540/pexels-photo-2781540.jpeg?auto=compress&cs=tinysrgb&h=650&w=940
밀키트,두부버섯전골밀키트,korean meal kit tofu mushroom food,ERROR
밀키트,떡볶이밀키트,korean tteokbokki rice cake meal kit rice cake food,ERROR
밀키트,밀키트,korean meal kit food,ERROR
밀키트,밀푀유나베밀키트,korean meal kit food,ERROR
밀키트,바지락칼국수밀키트,korean korean knife cut noodle meal kit korean soup food,ERROR
밀키트,버섯장칼국수밀키트,korean korean knife cut noodle meal kit mushroom food,ERROR
밀키트,봄동꼬막비빔밥키트,korean bibimbap food,https://images.pexels.com/photos/15955380/pexels-photo-15955380.jpeg?auto=compress&cs=tinysrgb&h=650&w=940
밀키트,부대찌개밀키트,korean meal kit korean stew food,ERROR
밀키트,부산어묵탕밀키트(부산즉석어묵),korean meal kit korean soup food,https://images.pexels.com/photos/13085835/pexels-photo-13085835.jpeg?auto=compress&cs=tinysrgb&h=650&w=940
밀키트,부산즉석어묵밀키트,korean meal kit food,ERROR
밀키트,부산즉석어묵탕밀키트,korean meal kit korean soup food,https://images.pexels.com/photos/13085835/pexels-photo-13085835.jpeg?auto=compress&cs=tinysrgb&h=650&w=940
밀키트,부채살스테이크덮밥키트,korean steak food,https://images.pexels.com/photos/1314041/pexels-photo-1314041.jpeg?auto=compress&cs=tinysrgb&h=650&w=940
밀키트,생불고기버섯전골밀키트,korean meal kit mushroom korean hot pot food,ERROR
밀키트,샤브샤브밀키트,korean meal kit food,ERROR
밀키트,소고기부추말이찜밀키트,korean beef meal kit garlic chive food,ERROR
밀키트,소고기야채말이밀키트,korean beef meal kit food,ERROR
밀키트,수제감자옹심이밀키트(2~3인분),korean meal kit potato food,ERROR
밀키트,수제냉모밀밀키트,korean cold soba noodles meal kit buckwheat noodles soba food,ERROR
밀키트,수제냉모밀키트(1인),korean cold soba noodles meal kit buckwheat noodles soba food,ERROR
밀키트,수제메밀소바밀키트(1인),korean meal kit soba noodles food,ERROR
밀키트,스키야키밀키트(유자폰즈소스),korean meal kit food,ERROR
밀키트,스테이크덮밥키트,korean steak food,https://images.pexels.com/photos/1314041/pexels-photo-1314041.jpeg?auto=compress&cs=tinysrgb&h=650&w=940
밀키트,쌀국수밀키트(2인분.한우),korean meal kit korean soup food,https://images.pexels.com/photos/13085835/pexels-photo-13085835.jpeg?auto=compress&cs=tinysrgb&h=650&w=940
밀키트,쌀국수밀키트(2인분.한우양지),korean meal kit korean soup food,https://images.pexels.com/photos/13085835/pexels-photo-13085835.jpeg?auto=compress&cs=tinysrgb&h=650&w=940
밀키트,아구지리탕 밀키트,korean meal kit monkfish korean soup food,ERROR
밀키트,아롱사태전골밀키트,korean meal kit korean hot pot korean savory pancake jeon food,ERROR
밀키트,알밥밀키트,korean meal kit food,ERROR
밀키트,알밥키트,korean meal kit food,ERROR
밀키트,얼큰버섯전골밀키트,korean meal kit mushroom korean hot pot food,ERROR
밀키트,왕만두한우밀키트,korean meal kit korean beef korean dumpling food,ERROR
밀키트,왕만두한우불고기밀키트,korean meal kit korean beef korean dumpling food,ERROR
밀키트,왕만두한우불고기전골밀키트,korean meal kit korean beef korean dumpling food,ERROR
밀키트,왕만두한우불고기전골키트,korean korean beef korean dumpling korean hot pot food,https://images.pexels.com/photos/15955380/pexels-photo-15955380.jpeg?auto=compress&cs=tinysrgb&h=650&w=940
밀키트,왕만두한우전골밀키트,korean meal kit korean beef korean dumpling food,ERROR
밀키트,월남쌈밀키트,korean vietnamese spring roll wrap meal kit food,ERROR
밀키트,월남쌈키트,korean vietnamese spring roll wrap food,https://images.pexels.com/photos/15801051/pexels-photo-15801051.jpeg?auto=compress&cs=tinysrgb&h=650&w=940
밀키트,유부주머니어묵탕밀키트,korean meal kit korean soup food,https://images.pexels.com/photos/13085835/pexels-photo-13085835.jpeg?auto=compress&cs=tinysrgb&h=650&w=940
밀키트,유부주머니어묵탕밀키트(부산에서 사온 즉석어묵),korean meal kit korean soup food,https://images.pexels.com/photos/13085835/pexels-photo-13085835.jpeg?auto=compress&cs=tinysrgb&h=650&w=940
밀키트,유부주머니어묵탕밀키트(부산즉석어묵),korean meal kit korean soup food,https://images.pexels.com/photos/13085835/pexels-photo-13085835.jpeg?auto=compress&cs=tinysrgb&h=650&w=940
밀키트,유부초밥밀키트,korean inari sushi meal kit food,ERROR
밀키트,유부초밥밀키트(5개),korean inari sushi meal kit food,ERROR
밀키트,잔치국수밀키트(2~3인분),korean meal kit korean soup food,https://images.pexels.com/photos/13085835/pexels-photo-13085835.jpeg?auto=compress&cs=tinysrgb&h=650&w=940
밀키트,통영멍게비빔밥키트,korean bibimbap sea pineapple crab food,ERROR
밀키트,해물야끼덮밥키트,korean meal kit food,ERROR
밀키트,호박전키트,korean squash korean savory pancake jeon food,https://images.pexels.com/photos/15955380/pexels-photo-15955380.jpeg?auto=compress&cs=tinysrgb&h=650&w=940
밀키트,황태두부전골밀키트,korean meal kit tofu dried pollock food,ERROR
밀키트,훈제오리부추찜밀키트,korean meal kit duck garlic chive food,ERROR
밀키트,훈제오리부추찜키트,korean duck garlic chive korean braised steamed dish food,ERROR
밀키트,훈제오리찜밀키트,korean meal kit duck korean braised steamed dish food,ERROR
기타,닭다리살맥적구이,korean chicken thigh korean grilled dish chicken food,https://images.pexels.com/photos/14224207/pexels-photo-14224207.jpeg?auto=compress&cs=tinysrgb&h=650&w=940
기타,데친땅두릅,korean food,ERROR
기타,도라지오이초무침,korean bellflower root korean seasoned salad korean radish food,ERROR
기타,두부버섯볶음,korean tofu mushroom korean stir fry food,ERROR
기타,마늘쫑간장조림,korean soy braised beef korean braised dish food,ERROR
기타,삼겹김치찜,korean pork belly kimchi korean braised steamed dish food,ERROR
기타,황태장아찌,korean korean pickled vegetable dried pollock food,ERROR
